access_time_hour,day_of_week,ip_reputation_score,geo_distance_km,device_posture_score,requested_data_mb,request_rate_per_min,failed_logins_recent,is_anomaly
12.82,2,0.007,21.9,0.98,55.9,4,0,0
13.32,3,0.01,13.7,0.94,6.5,9,0,0
10.84,1,0.052,6.8,0.96,46.0,5,0,0
15.75,3,0.02,3.5,0.96,5.3,6,1,0
10.52,3,0.011,17.5,0.89,21.5,3,0,0
12.83,3,0.048,16.1,0.95,32.9,4,0,0
14.67,3,0.067,0.5,0.97,24.8,3,1,0
9.99,2,0.073,7.8,0.98,49.9,2,0,0
13.36,2,0.023,4.0,0.97,31.3,5,0,0
22.12,5,0.784,6318.4,0.05,5737.5,166,6,1
9.24,2,0.061,2.3,0.97,25.8,3,0,0
10.97,1,0.01,4.3,0.9,46.6,5,0,0
12.26,4,0.056,13.4,0.94,5.7,5,0,0
8.19,1,0.03,3.2,0.95,57.3,6,0,0
22.12,3,0.692,10896.7,0.22,734.5,99,10,1
14.11,1,0.071,29.5,0.93,41.9,7,0,0
9.15,4,0.019,6.7,0.93,16.0,2,0,0
8.45,3,0.026,3.2,0.98,50.7,6,0,0
22.12,2,0.757,6558.1,0.16,4006.7,168,9,1
8.87,1,0.001,4.2,0.85,40.4,5,0,0
8.56,2,0.003,20.9,0.86,13.7,4,0,0
11.13,2,0.064,30.2,0.96,16.2,7,0,0
13.75,3,0.022,10.3,0.89,15.2,6,0,0
7.0,6,0.083,3.9,0.91,10.1,3,0,0
12.95,0,0.014,2.1,0.88,28.7,4,0,0
22.12,5,0.733,4518.6,0.3,7753.7,123,17,1
22.12,5,0.832,1806.4,0.16,6985.4,82,18,1
13.13,0,0.031,26.2,0.94,47.0,5,0,0
15.7,1,0.05,0.4,0.92,16.3,3,0,0
12.39,2,0.006,11.4,0.83,24.8,5,0,0
14.18,4,0.012,0.3,0.94,13.3,4,0,0
12.93,0,0.019,4.6,0.99,19.3,5,0,0
13.56,0,0.038,26.7,0.89,6.4,9,0,0
22.12,4,0.784,7563.9,0.32,3558.3,35,17,1
11.52,3,0.11,11.1,0.92,24.3,2,0,0
8.99,1,0.054,13.5,0.91,29.8,5,0,0
12.33,3,0.054,1.9,0.97,43.0,1,0,0
10.55,0,0.083,35.5,0.98,21.7,7,0,0
15.44,3,0.0,0.9,0.9,32.9,5,0,0
13.8,0,0.034,3.4,0.89,19.3,9,0,0
13.52,3,0.016,21.8,0.9,7.3,4,0,0
9.41,1,0.002,1.0,0.83,11.4,6,0,0
18.49,1,0.005,6.9,0.99,18.8,5,0,0
14.04,0,0.019,8.9,0.97,13.4,2,0,0
13.19,1,0.058,0.0,0.88,29.3,7,1,0
13.91,4,0.032,24.6,0.96,6.6,8,0,0
14.54,3,0.058,10.2,0.96,37.0,4,0,0
7.83,1,0.051,10.1,0.99,31.6,4,0,0
22.12,3,0.929,9844.6,0.08,1999.5,135,7,1
12.45,5,0.031,15.3,0.91,13.9,8,2,0
12.79,1,0.03,27.9,0.96,19.2,4,0,0
12.51,6,0.009,3.6,0.9,12.6,5,0,0
16.16,6,0.112,3.7,0.92,28.6,4,0,0
14.17,5,0.005,1.0,0.92,28.4,3,0,0
10.96,4,0.006,11.0,0.88,42.3,4,0,0
22.12,1,0.8,7012.2,0.08,5528.5,119,16,1
13.55,1,0.006,6.9,0.99,33.7,6,0,0
14.9,3,0.075,2.3,0.99,21.2,6,0,0
22.12,5,0.698,9370.9,0.21,3457.5,91,4,1
15.77,1,0.089,24.2,0.95,23.3,6,0,0
11.91,0,0.038,5.1,0.85,9.7,9,0,0
13.84,3,0.014,5.6,0.97,40.3,10,0,0
9.63,3,0.063,1.8,0.84,41.5,6,0,0
17.9,5,0.003,0.3,0.98,12.9,3,0,0
11.84,4,0.002,20.8,0.96,27.5,5,0,0
14.32,1,0.077,10.3,0.97,39.3,5,0,0
16.27,0,0.032,1.7,0.91,4.9,4,0,0
20.0,0,0.057,16.4,0.92,15.5,5,0,0
9.95,1,0.007,19.3,0.93,45.6,4,0,0
14.63,3,0.065,4.6,0.77,7.6,5,0,0
13.38,2,0.04,3.2,0.96,35.0,3,0,0
22.12,0,0.761,6175.3,0.21,1917.3,50,4,1
22.12,2,0.888,3255.1,0.28,2740.7,193,12,1
15.24,0,0.034,9.8,0.89,23.5,5,0,0
11.97,3,0.051,22.5,0.93,44.8,4,0,0
12.07,2,0.012,7.1,0.94,15.1,5,0,0
8.45,4,0.088,12.0,0.96,39.6,3,0,0
22.12,3,0.855,11851.4,0.25,6402.2,122,19,1
10.97,4,0.041,6.0,0.95,25.2,5,0,0
18.98,3,0.005,0.5,0.92,7.3,5,0,0
11.35,4,0.029,7.2,0.96,14.5,5,0,0
15.12,2,0.014,15.7,0.87,7.4,4,0,0
9.76,0,0.009,3.1,0.96,29.6,6,0,0
12.61,4,0.009,1.2,0.95,32.0,3,0,0
12.57,2,0.01,23.8,0.95,34.1,3,0,0
13.78,0,0.061,2.3,0.89,32.2,7,0,0
14.45,3,0.048,8.3,0.85,5.4,5,0,0
17.59,2,0.005,17.0,0.95,15.8,8,0,0
17.36,1,0.046,2.2,0.96,23.5,9,0,0
22.12,5,0.852,4558.1,0.05,5493.9,65,12,1
14.79,4,0.033,6.4,0.97,28.5,2,0,0
13.23,2,0.083,3.4,0.92,15.3,5,0,0
16.05,0,0.004,7.3,0.97,35.6,4,0,0
16.71,4,0.0,9.8,0.92,27.4,5,0,0
17.92,1,0.014,6.9,0.86,16.2,4,0,0
17.65,1,0.084,9.2,0.97,6.4,4,0,0
22.12,3,0.564,6418.5,0.16,5740.9,194,17,1
15.94,0,0.029,2.8,0.86,14.8,6,2,0
13.83,3,0.0,10.6,0.91,27.9,5,0,0
16.26,1,0.084,19.0,0.94,29.4,6,0,0
19.27,1,0.104,3.5,0.91,34.2,4,0,0
10.84,0,0.019,3.8,0.92,23.6,9,0,0
15.14,0,0.044,5.9,0.97,18.7,5,0,0
17.87,0,0.054,4.1,0.94,11.9,5,0,0
8.89,6,0.006,1.5,0.91,45.6,4,0,0
17.64,2,0.015,5.1,0.91,16.0,6,1,0
13.27,1,0.013,6.8,0.91,13.0,3,1,0
10.31,2,0.019,2.8,0.84,19.3,7,0,0
12.02,0,0.015,7.4,0.93,37.7,1,0,0
17.24,2,0.045,2.6,0.97,20.3,2,0,0
22.12,1,0.687,6515.7,0.2,1319.5,144,10,1
11.22,3,0.003,5.3,0.98,43.8,4,0,0
22.12,0,0.935,10685.3,0.34,2546.8,167,7,1
16.36,3,0.003,8.6,0.97,31.0,2,0,0
14.62,2,0.063,4.0,0.88,41.0,10,0,0
15.02,2,0.014,9.1,0.98,18.7,5,1,0
14.49,2,0.01,5.4,0.98,25.8,5,0,0
16.92,0,0.017,5.1,0.97,13.3,7,0,0
9.72,0,0.02,2.2,0.99,35.5,1,0,0
11.83,4,0.116,33.4,0.96,15.4,7,2,0
22.12,6,0.915,4454.7,0.1,1656.2,160,14,1
9.8,3,0.053,3.7,0.93,31.4,5,0,0
20.0,2,0.061,5.8,0.98,34.5,7,0,0
13.13,0,0.006,2.6,0.94,21.9,4,2,0
13.38,4,0.061,27.7,0.92,24.6,1,0,0
10.49,0,0.066,8.9,0.91,54.2,8,0,0
15.26,2,0.032,2.7,0.96,10.6,2,1,0
16.57,3,0.02,0.7,0.97,22.4,5,0,0
10.89,1,0.001,7.7,0.97,9.4,6,0,0
14.13,0,0.063,2.7,0.89,36.9,3,0,0
9.02,1,0.013,2.4,0.9,35.6,2,0,0
17.41,1,0.0,18.6,0.95,42.4,6,1,0
12.19,2,0.049,7.9,0.94,17.5,1,0,0
16.23,3,0.046,4.6,0.83,19.9,3,0,0
12.8,0,0.021,0.2,0.94,28.4,3,0,0
17.89,0,0.093,22.0,0.91,17.9,8,0,0
10.35,1,0.002,4.6,0.93,22.9,6,1,0
13.23,4,0.041,8.9,0.94,15.7,4,1,0
11.91,4,0.031,4.8,0.89,17.8,3,0,0
14.48,4,0.01,4.7,0.94,10.1,2,0,0
19.17,1,0.051,0.3,0.79,15.6,4,0,0
10.79,2,0.02,11.5,0.98,1.3,3,0,0
18.02,1,0.004,0.8,0.88,39.6,3,0,0
22.12,6,0.928,11757.0,0.22,4292.7,154,10,1
16.96,2,0.04,0.6,0.98,9.2,3,0,0
12.81,4,0.006,0.4,0.97,21.6,6,0,0
17.74,1,0.02,3.9,0.91,33.9,4,0,0
13.48,4,0.095,5.6,0.97,12.7,3,0,0
10.69,3,0.038,33.4,0.98,26.1,10,0,0
17.32,1,0.013,5.6,0.73,28.3,7,0,0
12.61,0,0.026,0.1,1.0,20.9,6,0,0
22.12,1,0.611,8327.8,0.2,3245.5,50,8,1
8.25,3,0.027,1.6,0.99,20.9,9,0,0
10.57,5,0.05,23.9,0.93,42.3,5,0,0
12.94,2,0.013,5.2,0.93,9.9,6,0,0
11.31,2,0.004,0.6,0.99,14.6,6,2,0
12.33,4,0.017,12.7,0.94,33.8,6,0,0
22.12,3,0.779,4394.6,0.29,5214.5,101,10,1
12.46,3,0.029,15.1,0.87,17.5,5,1,0
22.12,4,0.933,11560.0,0.19,5589.0,138,14,1
15.02,3,0.01,6.8,0.91,14.0,5,0,0
15.43,2,0.009,33.5,0.98,19.1,4,0,0
11.58,1,0.007,11.2,0.83,52.5,5,0,0
11.76,3,0.004,4.2,0.91,39.3,5,0,0
11.04,1,0.037,2.0,0.93,12.9,5,0,0
16.59,3,0.009,16.6,0.93,30.2,7,0,0
16.01,0,0.023,12.9,0.97,21.5,3,0,0
22.12,1,0.592,4016.1,0.19,1199.8,77,14,1
11.61,2,0.087,5.1,0.94,20.5,7,0,0
12.8,1,0.055,7.7,0.92,16.2,8,0,0
22.12,4,0.856,9368.7,0.11,5157.2,184,12,1
22.12,4,0.847,5821.2,0.14,3902.2,193,16,1
10.55,0,0.045,11.3,0.82,5.6,7,0,0
13.37,4,0.027,1.0,0.86,24.7,8,1,0
22.12,2,0.884,5610.3,0.12,4439.7,188,10,1
10.92,2,0.035,3.2,0.85,57.7,9,0,0
8.31,3,0.026,0.9,0.92,13.2,4,0,0
15.01,3,0.045,0.1,0.86,11.3,6,0,0
13.14,4,0.03,1.6,0.93,14.2,3,0,0
15.93,3,0.097,0.1,0.95,13.6,1,1,0
13.64,4,0.087,6.6,0.94,12.6,1,0,0
22.12,4,0.745,11844.4,0.17,6642.1,138,18,1
12.38,2,0.004,21.5,0.95,43.6,6,0,0
22.12,5,0.907,4221.2,0.1,7720.2,155,15,1
14.76,4,0.01,24.8,0.97,30.0,9,0,0
12.21,1,0.015,2.7,0.86,23.6,7,0,0
13.64,3,0.001,8.7,0.93,4.9,3,0,0
12.45,0,0.036,11.5,0.91,16.8,7,0,0
12.17,3,0.01,7.5,0.94,17.6,9,1,0
11.58,1,0.004,15.7,0.76,22.1,4,0,0
9.16,4,0.001,4.9,0.95,23.5,3,0,0
11.55,3,0.044,1.7,0.88,26.6,14,0,0
12.41,4,0.029,5.0,0.83,12.8,5,0,0
20.0,2,0.031,12.3,0.83,10.7,7,0,0
13.36,0,0.076,3.0,0.97,24.2,8,1,0
22.12,6,0.896,3643.3,0.05,3673.5,168,14,1
13.29,4,0.006,6.0,0.92,29.3,7,0,0
12.06,0,0.009,20.5,0.89,8.8,7,1,0
14.48,0,0.02,7.9,0.94,27.1,2,1,0
16.8,4,0.004,10.4,0.93,22.9,6,0,0
14.9,6,0.043,25.0,0.97,30.1,5,0,0
16.57,3,0.011,4.7,0.9,20.0,4,0,0
16.41,3,0.028,1.5,0.94,6.2,4,0,0
22.12,6,0.725,2408.8,0.26,7207.2,106,16,1
12.85,1,0.029,8.1,0.96,14.7,3,0,0
13.36,4,0.012,5.2,0.99,10.2,4,1,0
17.98,2,0.015,16.5,0.76,27.6,7,0,0
13.69,2,0.01,2.0,0.82,24.4,6,0,0
9.98,1,0.03,2.3,0.89,18.6,7,0,0
17.45,1,0.024,4.3,0.92,10.0,3,2,0
9.58,1,0.044,0.5,0.9,52.6,2,2,0
16.32,1,0.058,27.2,0.94,17.5,8,0,0
10.24,0,0.013,25.3,0.97,22.0,1,0,0
12.21,3,0.037,0.5,0.98,16.4,7,0,0
13.08,3,0.062,5.7,0.92,54.7,2,0,0
12.34,2,0.023,31.9,0.97,29.3,1,0,0
12.96,3,0.02,0.7,0.93,53.7,2,0,0
14.0,0,0.02,4.4,0.95,21.4,2,1,0
7.59,3,0.021,0.3,0.97,26.0,8,0,0
11.64,2,0.041,4.2,0.95,2.1,5,0,0
14.59,1,0.021,44.8,0.94,22.2,13,0,0
14.55,5,0.072,9.7,0.97,10.4,2,0,0
14.83,4,0.056,5.0,0.88,6.9,4,0,0
22.12,6,0.977,8091.7,0.17,4665.7,114,5,1
14.37,2,0.049,13.6,0.96,25.4,4,0,0
9.89,3,0.021,8.9,0.92,34.8,2,0,0
9.31,3,0.053,6.9,0.96,18.7,6,0,0
10.95,3,0.018,3.0,0.94,8.8,4,2,0
14.31,2,0.04,2.8,0.91,13.5,8,0,0
11.41,0,0.009,6.7,0.97,6.7,2,0,0
13.54,4,0.002,2.2,0.85,21.3,9,0,0
13.7,3,0.024,8.5,0.86,22.6,6,0,0
22.12,3,0.917,9960.0,0.1,1069.5,80,5,1
8.44,3,0.011,18.1,0.92,33.8,5,0,0
18.63,3,0.011,0.6,0.96,20.4,3,0,0
12.48,2,0.033,12.5,0.89,15.3,12,0,0
7.39,0,0.015,10.3,0.97,31.1,6,0,0
12.94,2,0.023,3.0,0.86,44.6,5,0,0
12.35,2,0.008,13.8,0.93,8.7,8,0,0
14.41,0,0.046,11.0,0.92,15.6,7,0,0
10.64,2,0.02,33.1,0.94,43.3,6,0,0
15.67,0,0.112,6.0,0.87,26.4,4,0,0
15.42,0,0.01,9.2,0.87,14.0,6,0,0
12.37,2,0.007,7.4,0.92,14.7,2,0,0
16.92,2,0.018,1.9,0.95,11.4,5,1,0
12.73,1,0.065,4.2,0.9,75.0,7,0,0
10.74,2,0.007,0.8,0.9,23.8,7,0,0
11.06,0,0.022,4.8,0.95,26.5,5,0,0
11.41,2,0.041,41.6,0.93,30.9,2,0,0
22.12,6,0.856,8535.3,0.07,2508.3,176,15,1
14.15,4,0.04,7.8,0.88,14.2,4,0,0
13.97,0,0.043,9.5,0.97,7.0,8,0,0
15.48,2,0.078,1.6,0.88,8.6,2,0,0
15.2,1,0.06,0.5,0.85,9.4,2,0,0
22.12,5,0.514,11070.9,0.3,5583.7,164,16,1
22.12,4,0.909,2786.3,0.13,6018.3,192,10,1
14.94,3,0.027,21.2,0.99,55.7,4,0,0
22.12,0,0.62,2022.7,0.33,1336.6,145,3,1
9.78,2,0.007,0.9,0.9,24.0,8,0,0
11.15,1,0.011,49.3,0.96,11.8,1,1,0
15.74,0,0.001,1.3,0.93,12.4,4,0,0
12.28,4,0.009,3.2,0.92,11.0,4,0,0
17.36,3,0.002,2.3,0.94,32.8,5,0,0
17.5,2,0.048,0.9,0.98,9.8,6,0,0
11.67,4,0.0,26.9,0.94,11.2,9,0,0
8.21,3,0.008,24.2,0.9,16.7,4,0,0
10.22,3,0.078,20.3,0.87,16.5,4,1,0
22.12,1,0.862,7028.7,0.33,4745.4,43,3,1
22.12,3,0.983,11702.8,0.33,3134.4,113,13,1
16.36,1,0.038,5.0,0.97,44.1,4,0,0
12.55,2,0.004,6.4,0.86,25.9,7,0,0
16.52,0,0.031,2.4,0.94,64.3,6,0,0
11.49,1,0.012,30.2,0.91,11.7,3,0,0
9.37,3,0.013,1.5,0.86,14.6,5,0,0
12.58,4,0.035,1.1,0.93,29.1,5,0,0
14.84,3,0.0,8.6,0.92,13.7,4,0,0
22.12,6,0.49,4694.1,0.17,4762.1,194,11,1
9.57,2,0.05,10.2,0.93,10.8,6,0,0
14.95,3,0.071,0.3,0.92,12.5,2,0,0
16.48,6,0.011,0.7,1.0,29.4,3,0,0
12.39,5,0.036,0.0,0.98,17.5,4,0,0
17.32,2,0.016,3.6,0.98,19.3,4,0,0
7.0,3,0.001,0.9,0.88,36.0,5,0,0
13.5,1,0.016,8.2,0.97,16.6,3,0,0
11.29,3,0.075,4.2,0.98,49.9,5,1,0
12.68,2,0.009,7.9,0.95,11.7,3,0,0
11.19,1,0.039,1.0,0.95,40.2,4,0,0
22.12,3,0.738,11948.4,0.1,2180.1,123,18,1
15.91,0,0.029,3.0,0.84,9.5,4,0,0
12.85,4,0.022,14.2,0.91,17.9,8,0,0
22.12,4,0.771,6576.2,0.05,4246.5,130,8,1
22.12,1,0.652,3276.8,0.11,2280.7,124,10,1
13.41,4,0.012,7.7,0.84,25.0,4,0,0
13.53,3,0.019,14.2,0.97,26.0,6,0,0
18.88,3,0.069,4.5,0.92,23.8,4,0,0
12.16,1,0.025,8.4,0.95,21.3,4,0,0
14.38,0,0.026,13.3,0.88,35.9,5,0,0
22.12,6,0.699,4787.7,0.14,2958.4,150,6,1
9.26,4,0.042,4.3,0.97,6.1,9,1,0
13.02,2,0.04,6.7,0.97,22.0,5,0,0
15.15,0,0.105,6.0,1.0,33.7,3,1,0
7.0,2,0.024,25.3,0.82,16.0,4,0,0
17.69,0,0.044,16.8,0.91,38.7,4,0,0
14.54,0,0.015,0.3,0.9,33.1,4,0,0
22.12,6,0.738,4461.3,0.05,2087.6,138,7,1
14.41,3,0.044,7.5,0.95,50.5,4,0,0
17.82,5,0.031,1.7,0.91,29.0,7,0,0
12.19,3,0.021,2.0,0.97,18.0,3,0,0
13.2,0,0.004,12.3,0.91,35.2,3,0,0
9.98,2,0.019,4.6,0.97,13.0,7,0,0
13.23,4,0.028,0.4,0.8,27.6,4,0,0
19.04,4,0.001,18.8,0.98,24.8,7,0,0
18.55,3,0.022,31.3,0.95,18.9,4,0,0
13.04,1,0.011,2.9,0.96,17.4,3,0,0
12.56,4,0.061,11.9,0.97,21.7,5,0,0
16.42,1,0.075,3.0,0.9,21.7,7,0,0
17.32,4,0.098,1.9,0.94,30.4,6,0,0
22.12,6,0.704,1821.5,0.25,3870.1,104,12,1
12.37,2,0.019,14.8,0.93,9.6,1,0,0
18.62,1,0.001,18.1,0.95,18.6,6,0,0
12.7,0,0.066,19.0,0.98,27.6,10,0,0
16.81,4,0.026,2.9,0.97,42.5,8,0,0
15.01,1,0.022,23.3,0.87,37.4,1,0,0
11.53,1,0.04,7.8,0.96,24.9,4,0,0
16.42,4,0.096,16.0,0.96,64.4,9,0,0
14.27,3,0.034,8.0,0.95,8.5,4,0,0
15.56,2,0.006,20.8,0.96,63.8,3,0,0
13.07,2,0.01,55.8,0.94,19.8,8,0,0
22.12,5,0.781,7972.7,0.05,5357.3,51,17,1
18.22,2,0.056,3.0,0.99,23.0,7,0,0
16.45,0,0.044,0.7,0.98,8.3,6,0,0
12.81,0,0.072,10.3,0.88,21.5,6,0,0
13.84,3,0.09,43.7,0.96,7.8,6,0,0
20.0,1,0.037,3.0,0.94,31.8,6,0,0
19.27,4,0.0,6.2,0.95,4.6,6,0,0
22.12,5,0.979,5871.3,0.05,3004.2,74,12,1
12.12,5,0.018,18.2,0.91,33.4,3,0,0
14.74,3,0.027,8.0,1.0,23.2,7,0,0
15.52,0,0.008,19.5,0.97,8.7,6,1,0
17.5,1,0.07,7.7,0.92,37.9,1,0,0
9.61,4,0.015,14.0,0.93,20.0,7,0,0
11.48,4,0.001,5.0,0.99,18.9,8,0,0
9.88,1,0.08,4.7,0.81,48.4,5,1,0
22.12,5,0.749,7311.2,0.36,3942.9,172,5,1
11.7,0,0.036,30.8,0.95,31.4,3,0,0
14.94,1,0.007,15.3,0.96,10.6,4,0,0
22.12,3,0.937,10184.5,0.15,6253.7,89,19,1
16.11,2,0.018,19.1,0.75,14.3,2,0,0
10.59,3,0.002,2.6,0.94,14.4,7,0,0
9.63,1,0.002,2.0,0.91,22.9,2,0,0
10.99,1,0.001,5.5,0.92,28.7,1,0,0
8.86,4,0.003,2.4,0.86,25.9,4,0,0
13.77,1,0.004,1.9,0.96,17.3,5,0,0
13.55,2,0.019,3.6,0.94,33.0,3,0,0
22.12,5,0.768,8072.8,0.11,512.0,125,13,1
13.97,0,0.064,31.3,0.86,21.5,1,0,0
22.12,6,0.893,8351.6,0.25,7996.6,187,10,1
12.85,3,0.005,6.8,0.97,8.2,3,0,0
22.12,6,0.863,11856.9,0.2,4157.0,72,17,1
7.59,1,0.028,9.5,0.96,8.4,9,0,0
22.12,6,0.754,4247.9,0.35,5204.6,133,9,1
11.39,4,0.011,1.3,0.96,38.4,5,0,0
9.3,0,0.004,46.0,0.9,35.8,2,0,0
15.17,4,0.039,6.7,0.88,6.2,6,0,0
10.67,1,0.04,3.3,0.97,24.6,5,0,0
8.02,1,0.005,13.4,0.95,20.5,4,0,0
15.69,0,0.019,3.0,0.94,17.9,4,0,0
8.55,5,0.049,13.3,0.89,41.0,6,1,0
9.73,3,0.019,23.5,0.98,22.1,5,0,0
15.78,4,0.032,15.1,0.91,22.0,4,0,0
12.19,3,0.022,17.6,0.94,42.5,4,0,0
16.6,1,0.021,3.6,0.96,13.9,8,0,0
13.57,3,0.002,2.5,0.9,13.8,9,0,0
11.16,0,0.012,1.6,0.87,35.4,5,0,0
14.08,3,0.022,21.9,0.9,19.5,6,0,0
13.96,3,0.015,15.1,0.96,40.8,3,0,0
19.63,4,0.009,21.8,0.98,8.4,5,0,0
10.85,3,0.052,3.4,0.99,12.7,5,0,0
10.48,3,0.078,34.9,0.88,16.4,1,0,0
17.12,5,0.021,25.6,0.88,27.3,9,0,0
16.38,2,0.005,21.2,0.84,19.9,11,0,0
8.18,1,0.025,1.6,0.9,20.7,7,0,0
13.44,1,0.025,6.7,0.86,18.3,8,0,0
16.24,4,0.002,15.2,0.97,22.4,8,0,0
12.39,2,0.052,3.9,0.92,19.5,8,0,0
18.02,2,0.068,10.8,0.97,5.2,6,0,0
12.49,1,0.034,10.5,0.98,27.9,3,2,0
15.24,2,0.004,20.3,0.93,11.3,6,0,0
15.61,2,0.007,11.3,0.88,16.6,3,0,0
10.03,1,0.042,0.7,0.93,20.0,9,0,0
17.2,4,0.021,5.9,0.94,21.1,3,0,0
13.72,0,0.056,1.8,0.89,40.6,8,0,0
19.87,2,0.012,12.0,0.92,24.5,7,0,0
17.43,4,0.11,6.2,0.88,13.6,5,1,0
12.77,4,0.095,1.6,0.99,11.6,2,0,0
16.49,4,0.021,8.9,0.94,22.8,2,0,0
13.98,1,0.015,8.5,0.95,7.6,5,0,0
14.01,0,0.022,1.8,0.91,7.1,4,0,0
9.79,3,0.093,0.4,0.88,9.7,4,0,0
22.12,0,0.786,7277.5,0.12,5397.3,46,15,1
12.9,3,0.037,2.5,0.89,29.6,2,0,0
22.12,0,0.765,6516.3,0.12,7676.0,136,13,1
11.41,4,0.093,3.5,0.97,14.8,5,0,0
22.12,4,0.869,5498.1,0.29,4246.6,74,6,1
22.12,1,0.96,9894.0,0.23,1952.1,87,7,1
10.52,1,0.049,14.3,0.89,19.8,2,0,0
15.37,3,0.004,19.4,0.9,19.9,3,1,0
22.12,6,0.815,6820.9,0.16,2141.7,171,12,1
10.32,1,0.097,6.6,0.95,12.3,5,0,0
8.73,6,0.01,13.1,0.98,14.0,2,0,0
11.72,4,0.015,0.4,0.98,13.5,4,1,0
15.44,2,0.008,4.3,0.83,16.1,9,0,0
7.0,4,0.025,0.9,0.95,31.6,4,0,0
11.05,3,0.037,0.8,0.99,19.1,4,0,0
10.41,2,0.014,12.0,0.95,44.6,5,0,0
11.16,2,0.0,9.9,0.93,14.2,3,0,0
13.9,3,0.0,0.6,0.94,45.7,7,0,0
12.92,2,0.002,19.1,0.96,36.2,6,0,0
10.8,4,0.073,8.0,0.93,11.3,7,0,0
15.13,3,0.026,9.1,0.89,64.9,11,0,0
11.54,3,0.019,4.5,0.96,36.0,4,1,0
15.22,2,0.007,5.8,0.97,57.7,6,0,0
12.97,3,0.003,12.1,0.81,26.3,4,0,0
11.95,2,0.008,7.7,0.96,19.3,3,0,0
15.1,0,0.015,11.5,0.98,20.5,7,0,0
13.66,0,0.001,1.7,0.94,5.5,3,0,0
11.56,2,0.013,4.6,0.99,21.6,9,0,0
12.83,1,0.006,2.0,0.95,12.2,4,0,0
7.0,4,0.024,0.4,0.99,3.8,4,2,0
8.73,4,0.023,2.9,0.92,28.0,5,0,0
15.16,1,0.034,9.2,0.97,10.4,3,0,0
18.63,4,0.102,31.3,0.95,18.4,4,0,0
22.12,2,0.972,8884.2,0.05,1271.0,51,5,1
11.2,2,0.006,22.3,0.99,23.6,4,0,0
11.33,4,0.024,0.5,0.98,15.1,11,0,0
9.27,2,0.004,5.0,0.91,32.2,4,0,0
12.05,3,0.049,26.9,0.91,15.8,2,0,0
13.29,4,0.013,3.1,0.94,26.7,3,1,0
13.75,4,0.001,3.6,0.94,28.1,12,1,0
11.33,0,0.002,1.6,0.95,13.9,4,0,0
17.65,3,0.038,29.7,0.88,34.4,5,1,0
8.78,3,0.007,14.1,0.92,9.9,6,1,0
9.23,2,0.028,7.0,0.9,14.3,5,0,0
16.63,1,0.001,21.5,0.94,1.6,8,0,0
15.66,2,0.023,11.2,0.93,52.3,5,0,0
13.67,4,0.02,5.9,0.86,37.7,4,0,0
7.0,5,0.018,5.8,0.96,32.4,2,0,0
22.12,4,0.717,5991.0,0.34,2315.7,77,16,1
12.12,3,0.027,1.1,0.93,7.4,4,0,0
15.9,2,0.01,6.7,0.96,19.8,5,0,0
22.12,1,0.706,11803.8,0.14,6739.5,117,9,1
8.27,2,0.058,7.4,0.82,19.9,2,0,0
22.12,2,0.806,4743.0,0.13,4723.0,88,19,1
16.22,3,0.008,1.1,0.99,7.5,7,0,0
8.42,3,0.041,5.7,0.94,61.8,7,0,0
14.45,0,0.001,15.0,0.85,32.0,4,0,0
12.27,2,0.006,3.5,0.88,23.4,2,0,0
10.46,4,0.026,0.8,0.94,27.6,1,0,0
19.18,2,0.105,1.4,0.94,7.0,5,0,0
10.33,2,0.024,10.5,0.94,17.4,11,0,0
16.12,4,0.002,6.5,0.98,21.0,4,0,0
18.89,3,0.037,52.5,0.97,25.0,8,0,0
12.1,4,0.027,26.9,0.96,19.2,6,0,0
13.99,2,0.013,2.9,0.84,15.4,5,0,0
12.79,4,0.005,6.9,0.96,9.9,1,0,0
12.69,5,0.14,0.4,0.94,24.7,4,0,0
14.82,0,0.103,5.4,1.0,6.7,2,0,0
16.84,4,0.014,9.4,0.89,31.5,7,0,0
17.76,1,0.048,2.5,0.96,12.8,7,0,0
14.5,6,0.072,4.5,0.94,21.4,4,0,0
14.85,1,0.029,5.0,0.91,32.5,3,0,0
17.36,2,0.047,19.7,0.8,23.5,5,0,0
7.0,2,0.053,0.6,0.95,8.5,5,0,0
10.88,4,0.087,4.6,0.99,36.7,4,0,0
22.12,3,0.929,7122.7,0.22,1142.4,66,5,1
22.12,4,0.837,11081.0,0.06,6164.2,155,3,1
9.12,4,0.003,13.6,0.81,11.8,2,0,0
22.12,4,0.967,10972.2,0.23,2382.9,75,12,1
10.98,3,0.015,8.3,0.81,17.7,5,0,0
11.62,3,0.041,13.8,0.93,11.4,1,0,0
10.85,2,0.005,4.7,0.86,18.3,8,0,0
13.89,3,0.008,22.4,0.9,10.6,3,0,0
9.84,0,0.078,25.9,0.86,34.8,4,0,0
7.67,3,0.053,3.6,0.92,16.0,4,0,0
8.51,0,0.036,7.9,0.87,21.4,4,0,0
17.14,2,0.013,22.6,0.98,24.4,1,0,0
13.12,1,0.056,2.2,0.96,11.7,5,0,0
14.02,4,0.012,6.8,0.91,29.7,2,0,0
10.24,4,0.003,2.3,0.97,3.2,5,0,0
22.12,3,0.634,5101.1,0.11,591.8,183,18,1
10.24,3,0.007,21.0,0.96,8.0,1,0,0
18.7,3,0.079,4.0,0.89,23.3,3,0,0
22.12,0,0.848,4646.9,0.17,5240.1,186,3,1
22.12,2,0.586,8326.7,0.17,5126.3,53,10,1
14.68,3,0.013,20.9,0.94,8.5,4,0,0
11.16,1,0.019,10.5,0.96,19.9,5,0,0
13.78,0,0.007,41.5,1.0,24.3,10,0,0
12.26,5,0.012,0.8,0.94,29.2,5,0,0
9.45,1,0.008,0.6,0.96,30.7,3,0,0
22.12,0,0.774,9198.1,0.23,7150.0,133,6,1
10.22,2,0.008,23.8,0.96,12.3,2,0,0
14.96,2,0.028,9.0,0.89,29.9,6,0,0
13.73,3,0.046,11.1,0.88,18.4,5,0,0
22.12,2,0.868,3480.0,0.19,3092.8,165,19,1
7.4,0,0.003,3.2,0.88,39.9,10,0,0
11.37,1,0.037,25.5,0.98,15.3,7,0,0
17.61,3,0.056,14.2,0.92,53.7,5,0,0
9.32,2,0.013,2.2,0.88,31.8,2,1,0
22.12,3,0.765,5850.4,0.16,2001.4,49,5,1
8.66,2,0.011,2.7,0.95,40.6,4,0,0
22.12,5,0.727,2074.9,0.09,6870.7,154,9,1
14.02,1,0.031,6.5,0.96,30.6,6,0,0
11.78,5,0.069,1.4,0.9,10.9,6,0,0
12.84,1,0.062,9.0,0.93,9.4,3,0,0
17.34,4,0.043,4.2,0.97,25.8,3,0,0
22.12,0,0.717,10546.3,0.34,6600.4,194,17,1
14.71,2,0.045,4.2,0.99,18.4,3,0,0
13.14,2,0.002,2.4,0.96,11.6,3,0,0
19.5,4,0.002,13.7,0.96,53.7,6,0,0
8.31,1,0.063,25.0,0.93,12.3,7,0,0
16.49,5,0.006,15.6,0.97,37.7,4,0,0
11.32,1,0.019,11.1,0.97,25.3,1,0,0
18.13,0,0.002,3.9,0.92,26.0,3,0,0
20.0,3,0.006,11.9,0.98,7.8,2,0,0
9.25,2,0.0,1.3,0.96,30.0,2,0,0
13.34,3,0.006,17.5,0.92,9.0,5,0,0
22.12,6,0.799,7496.1,0.09,516.9,143,7,1
14.26,3,0.027,17.5,0.98,38.7,5,2,0
14.91,4,0.057,19.9,0.96,9.8,11,0,0
22.12,6,0.693,7382.7,0.06,2652.4,93,8,1
10.08,0,0.032,9.4,0.96,10.2,5,0,0
15.99,2,0.001,9.7,0.91,24.1,5,0,0
12.98,1,0.065,12.4,0.96,24.7,5,0,0
22.12,3,0.793,6147.4,0.23,1047.3,172,15,1
12.26,1,0.034,12.2,0.96,9.0,6,0,0
11.92,4,0.006,4.3,0.92,12.7,5,0,0
14.18,0,0.064,13.7,0.93,25.6,5,0,0
22.12,5,0.84,10641.0,0.16,5280.9,45,15,1
16.6,3,0.029,7.2,0.84,8.8,4,0,0
15.89,4,0.046,3.8,0.91,27.2,6,0,0
9.37,0,0.025,4.9,0.93,15.2,7,0,0
15.85,0,0.044,4.2,0.97,25.5,7,0,0
13.04,1,0.051,4.2,0.91,9.8,4,0,0
9.74,3,0.024,2.7,0.94,24.2,4,0,0
14.0,0,0.001,11.5,0.94,58.1,5,0,0
12.48,1,0.001,12.9,0.92,16.6,4,0,0
17.43,0,0.042,0.1,0.85,8.3,6,0,0
12.75,0,0.029,10.0,0.94,24.4,5,0,0
11.16,6,0.069,5.0,0.89,40.4,10,0,0
15.28,1,0.038,14.5,0.92,23.8,5,0,0
10.4,0,0.003,2.0,0.93,21.4,8,0,0
12.53,0,0.045,12.5,0.79,40.0,3,0,0
10.37,3,0.038,1.3,0.98,27.8,10,0,0
13.2,2,0.07,0.2,0.97,30.8,5,0,0
14.71,2,0.022,2.0,0.95,10.6,6,0,0
16.22,0,0.002,12.8,0.88,12.0,5,0,0
10.23,0,0.023,1.8,0.96,9.5,7,0,0
9.77,3,0.003,20.9,0.97,29.0,6,0,0
11.8,0,0.002,14.5,0.89,10.1,8,1,0
11.75,1,0.028,8.0,0.93,15.6,6,2,0
22.12,6,0.786,9821.2,0.05,472.0,75,15,1
19.07,2,0.081,5.4,0.97,7.4,3,0,0
14.91,2,0.014,21.8,0.98,75.0,5,0,0
14.9,0,0.023,28.0,0.97,16.9,9,0,0
12.57,2,0.019,20.2,0.96,3.3,8,0,0
7.06,3,0.027,7.5,0.97,9.5,8,0,0
12.77,1,0.001,6.4,0.94,7.7,6,0,0
15.81,3,0.046,35.3,0.9,8.2,9,0,0
13.51,2,0.039,5.6,0.95,14.3,2,0,0
15.49,3,0.097,9.5,0.93,9.2,6,0,0
16.48,0,0.1,3.7,0.89,25.8,5,0,0
15.3,2,0.004,11.6,0.97,31.4,4,0,0
22.12,3,0.95,11966.3,0.14,349.9,173,4,1
13.15,2,0.089,18.0,0.97,14.4,6,1,0
15.68,3,0.006,0.2,0.94,6.2,9,0,0
10.75,1,0.034,7.4,0.96,16.4,5,0,0
16.74,0,0.069,16.6,0.9,34.4,2,1,0
12.44,4,0.02,2.2,0.97,4.3,5,0,0
12.41,4,0.016,20.1,0.95,24.0,3,0,0
9.57,4,0.06,1.5,0.92,16.7,8,1,0
9.29,0,0.022,9.5,0.87,39.7,7,0,0
13.65,3,0.025,10.8,0.76,6.4,6,0,0
22.12,0,0.885,9099.2,0.41,886.5,45,11,1
22.12,1,0.794,3406.1,0.07,4278.8,91,6,1
13.89,4,0.013,0.1,0.95,24.4,7,1,0
11.9,0,0.006,4.5,0.9,7.4,3,0,0
22.12,5,0.862,3614.6,0.39,3545.9,47,3,1
13.37,4,0.025,13.9,0.89,17.6,7,0,0
9.67,3,0.005,17.6,0.9,12.1,3,1,0
12.6,2,0.049,5.0,0.88,25.3,7,0,0
22.12,3,0.887,2200.0,0.17,7811.9,194,5,1
22.12,2,0.836,7643.7,0.11,1298.3,76,17,1
22.12,2,0.737,6429.4,0.12,1070.5,61,17,1
11.03,4,0.041,0.9,0.97,21.6,8,0,0
12.48,1,0.007,11.7,0.96,16.1,4,0,0
12.52,2,0.015,37.3,0.88,20.3,2,0,0
12.56,0,0.009,39.4,0.95,23.2,3,0,0
14.13,3,0.034,34.8,0.89,37.2,3,0,0
12.59,0,0.054,4.3,0.93,19.0,14,0,0
14.46,0,0.064,2.2,0.93,19.4,4,0,0
12.22,5,0.011,7.2,0.89,26.6,5,0,0
11.43,3,0.014,7.3,0.98,33.0,1,0,0
13.19,2,0.008,4.0,0.91,16.7,7,0,0
10.97,2,0.011,3.0,0.8,19.1,4,1,0
16.95,1,0.011,40.0,0.98,12.4,5,0,0
13.88,0,0.002,0.3,0.83,25.3,3,0,0
10.82,4,0.036,7.1,0.93,19.4,4,0,0
12.33,2,0.026,42.2,0.79,11.1,6,0,0
22.12,1,0.924,10715.6,0.17,5477.3,189,14,1
7.4,4,0.017,18.5,0.98,27.6,2,0,0
22.12,0,0.741,3703.7,0.27,784.3,57,15,1
12.66,4,0.052,18.0,0.93,25.8,9,0,0
22.12,6,0.885,10746.8,0.17,2194.6,81,19,1
13.16,3,0.003,0.1,0.89,67.7,5,0,0
14.83,2,0.09,18.6,0.9,28.5,4,0,0
22.12,5,0.812,9503.4,0.08,6931.9,69,17,1
13.6,1,0.015,28.7,0.94,20.5,3,0,0
11.01,3,0.043,6.3,0.9,28.9,5,0,0
15.86,3,0.04,29.0,0.96,8.8,7,0,0
13.73,3,0.129,6.3,0.92,5.6,3,0,0
22.12,1,0.926,2022.9,0.11,4460.9,80,4,1
12.25,0,0.01,19.0,0.92,15.5,3,0,0
13.85,3,0.018,2.1,0.94,24.1,5,0,0
10.92,4,0.047,27.0,0.92,33.5,5,1,0
22.12,2,0.86,7721.7,0.18,6160.3,62,3,1
9.7,3,0.008,18.8,0.84,4.5,6,0,0
13.22,4,0.006,2.2,0.96,24.3,7,0,0
13.58,0,0.012,3.7,0.98,7.8,6,0,0
13.07,1,0.009,1.0,0.92,28.4,3,0,0
10.51,4,0.011,7.6,0.98,20.7,7,0,0
10.06,0,0.025,26.7,0.99,20.3,2,0,0
22.12,2,0.75,3557.5,0.16,566.2,59,13,1
22.12,0,0.817,2949.0,0.2,6252.8,191,12,1
11.11,0,0.007,5.7,0.89,73.0,3,0,0
22.12,0,0.944,10481.0,0.3,825.2,185,3,1
13.3,2,0.026,7.9,0.88,19.0,5,1,0
22.12,6,0.886,7292.5,0.14,4209.1,104,10,1
12.34,3,0.002,24.6,0.89,17.0,4,0,0
22.12,5,0.588,4744.8,0.26,2078.2,145,4,1
7.01,4,0.009,17.7,0.87,35.1,11,0,0
12.91,1,0.004,15.1,0.97,22.6,4,0,0
16.71,2,0.045,13.9,0.9,10.1,7,0,0
14.29,2,0.016,21.4,0.98,37.6,7,1,0
22.12,1,0.787,7067.5,0.18,6831.0,174,17,1
12.73,0,0.035,6.8,0.97,29.7,5,0,0
12.04,1,0.037,1.2,0.92,29.5,2,0,0
22.12,1,0.932,7699.2,0.12,3122.1,113,3,1
13.97,1,0.109,4.0,0.82,9.0,5,0,0
13.77,1,0.033,5.4,0.95,27.1,2,0,0
13.25,4,0.005,5.2,0.96,40.1,6,0,0
13.97,3,0.009,5.6,0.93,52.8,5,0,0
15.32,3,0.013,0.1,0.94,33.5,6,0,0
22.12,2,0.809,2917.2,0.18,5885.3,76,9,1
22.12,2,0.918,7980.8,0.14,3568.2,170,3,1
22.12,6,0.903,4160.3,0.11,2037.0,159,6,1
12.85,3,0.001,20.6,0.95,22.8,6,0,0
9.93,4,0.021,5.8,0.96,9.0,4,0,0
15.43,3,0.065,16.8,0.93,28.1,4,0,0
8.71,0,0.0,6.3,0.93,20.9,2,0,0
22.12,3,0.717,5515.5,0.05,7754.4,167,7,1
16.2,6,0.144,8.5,0.94,29.9,3,0,0
22.12,6,0.928,8498.3,0.08,1127.3,175,14,1
15.01,0,0.067,11.2,0.89,10.8,5,0,0
12.68,5,0.008,2.0,0.97,18.8,7,0,0
10.9,1,0.005,8.1,0.97,22.8,9,0,0
7.0,2,0.017,2.0,0.96,28.5,1,1,0
22.12,4,0.607,11396.7,0.05,4239.5,188,3,1
11.2,1,0.001,1.1,0.96,27.2,5,0,0
13.02,2,0.013,1.2,0.93,33.5,3,0,0
15.86,2,0.023,3.1,0.9,28.1,8,0,0
14.6,1,0.014,5.0,0.94,9.6,3,0,0
15.09,0,0.004,1.0,0.93,22.7,8,0,0
12.07,2,0.011,14.8,0.94,34.4,6,0,0
11.69,3,0.077,3.5,0.96,31.8,6,0,0
14.48,1,0.028,0.8,0.85,12.5,6,0,0
13.98,1,0.006,29.4,0.98,43.6,5,0,0
14.12,3,0.006,28.4,0.89,31.6,4,0,0
19.03,2,0.032,6.9,0.75,31.7,2,0,0
13.8,2,0.009,7.7,0.94,16.0,5,0,0
16.98,0,0.01,3.6,0.91,27.5,5,0,0
9.91,1,0.018,1.8,0.89,13.8,5,0,0
12.25,0,0.0,13.0,0.9,22.2,3,1,0
22.12,4,0.948,3473.6,0.15,1960.3,142,13,1
12.81,3,0.058,10.6,0.99,20.2,4,0,0
14.59,0,0.026,15.7,0.9,9.3,4,0,0
9.43,5,0.039,8.1,0.94,18.3,4,0,0
9.37,3,0.0,2.6,0.96,19.7,4,0,0
19.51,3,0.021,22.1,0.92,52.0,3,1,0
10.47,0,0.079,11.4,0.93,29.8,6,1,0
7.0,0,0.027,3.9,0.94,32.7,6,1,0
16.51,0,0.05,1.7,0.83,22.2,11,0,0
14.82,0,0.171,2.4,0.89,16.1,7,0,0
16.57,3,0.02,7.1,0.9,15.3,6,0,0
16.27,6,0.058,5.0,0.81,11.3,3,0,0
22.12,2,0.952,4325.1,0.41,2527.7,171,3,1
22.12,3,0.962,1598.3,0.05,5398.9,121,4,1
13.57,2,0.027,2.7,1.0,32.1,5,0,0
16.14,0,0.003,4.8,0.97,32.5,6,0,0
17.56,1,0.037,21.7,0.92,5.9,6,0,0
7.49,3,0.105,5.1,0.98,6.5,4,0,0
13.22,1,0.022,42.0,0.92,14.8,3,0,0
15.42,3,0.0,0.2,0.95,12.4,3,0,0
13.56,2,0.036,32.7,0.92,11.3,4,1,0
10.41,2,0.009,5.5,0.87,35.4,8,0,0
12.78,1,0.022,16.4,0.99,43.5,10,0,0
9.74,0,0.024,22.6,0.9,75.0,11,0,0
10.54,1,0.032,15.2,0.95,8.9,7,0,0
13.84,5,0.007,2.2,0.95,62.5,2,0,0
19.37,4,0.004,1.6,0.93,29.5,5,0,0
22.12,2,0.933,8699.1,0.06,4339.7,127,19,1
14.67,5,0.026,39.0,0.96,25.0,8,0,0
9.69,2,0.059,4.4,0.98,43.5,7,0,0
14.55,4,0.068,9.3,0.89,38.5,6,0,0
10.89,0,0.022,3.1,0.97,49.6,4,0,0
9.02,3,0.006,1.7,0.97,29.4,4,1,0
10.97,1,0.01,4.5,0.96,18.5,5,0,0
11.93,3,0.091,2.5,0.97,7.7,4,0,0
13.63,3,0.02,0.4,0.95,75.0,6,0,0
12.36,1,0.027,60.0,0.86,15.8,5,0,0
10.46,0,0.047,27.5,0.95,17.6,3,1,0
13.93,2,0.094,10.3,0.97,17.1,2,1,0
16.49,4,0.022,6.1,0.95,58.7,8,0,0
10.83,2,0.016,10.0,0.94,19.4,6,0,0
13.11,3,0.004,17.1,0.95,38.4,2,0,0
14.42,3,0.0,19.8,0.97,32.7,3,0,0
13.85,4,0.006,7.2,0.91,17.3,5,0,0
14.42,4,0.053,15.0,0.92,28.6,1,0,0
19.69,1,0.007,0.4,0.89,32.8,2,0,0
14.23,3,0.105,0.3,0.94,52.5,1,0,0
18.26,1,0.084,11.1,0.97,14.7,10,0,0
22.12,0,0.645,4631.5,0.48,2209.3,185,9,1
12.08,3,0.01,0.3,0.89,46.6,4,0,0
11.01,2,0.011,15.1,0.9,11.2,1,0,0
22.12,3,0.869,11897.3,0.09,4182.0,100,19,1
12.89,0,0.002,49.2,0.96,48.4,6,0,0
22.12,2,0.818,2889.5,0.14,4631.8,113,11,1
8.75,4,0.037,12.2,0.96,33.4,4,0,0
13.06,3,0.012,22.4,0.93,16.3,4,0,0
19.43,1,0.008,7.0,0.91,23.9,8,0,0
22.12,1,0.667,10389.7,0.05,1159.8,134,18,1
18.31,2,0.002,0.1,0.93,25.6,12,0,0
15.85,3,0.065,0.9,0.96,37.1,3,0,0
12.82,4,0.069,0.9,0.95,20.2,5,0,0
18.11,1,0.044,2.3,0.9,20.7,6,0,0
22.12,6,0.649,11228.0,0.16,2796.7,58,8,1
14.16,1,0.126,5.3,0.97,33.1,3,0,0
9.04,1,0.031,27.2,0.98,34.6,2,0,0
22.12,3,0.959,8554.8,0.08,6330.2,136,4,1
8.15,2,0.018,16.1,0.94,39.2,6,0,0
20.0,0,0.02,2.6,0.84,44.1,1,1,0
22.12,3,0.896,3780.5,0.05,3034.1,194,19,1
10.53,2,0.085,50.1,0.95,34.3,5,0,0
14.04,1,0.044,2.1,0.93,30.3,7,0,0
11.63,1,0.001,24.2,0.83,11.4,6,0,0
11.17,1,0.002,0.3,0.97,16.9,5,0,0
22.12,2,0.683,9938.1,0.2,5422.6,70,15,1
12.9,4,0.09,11.2,0.91,24.1,6,0,0
12.62,1,0.025,18.4,0.99,21.0,5,0,0
9.28,4,0.118,4.1,0.91,5.8,5,0,0
10.61,2,0.058,8.3,0.92,11.7,2,0,0
20.0,2,0.016,1.2,0.92,19.6,5,0,0
22.12,1,0.638,4461.3,0.08,2857.9,76,17,1
11.19,6,0.006,7.4,0.96,25.3,7,0,0
13.18,1,0.024,8.2,0.93,27.4,6,0,0
22.12,1,0.725,7773.6,0.06,5691.7,98,6,1
11.13,1,0.01,13.4,0.87,16.3,2,0,0
13.81,0,0.04,48.1,0.85,37.3,2,0,0
22.12,2,0.816,5014.8,0.09,1891.7,94,6,1
22.12,3,0.855,8411.5,0.11,5231.1,165,17,1
13.26,3,0.023,12.5,0.93,30.1,8,0,0
13.43,0,0.022,1.2,0.93,4.7,3,0,0
14.29,3,0.015,23.8,0.98,29.0,8,0,0
20.0,3,0.008,5.3,0.9,22.5,2,0,0
11.41,0,0.01,10.8,0.98,13.1,4,0,0
11.04,0,0.013,3.6,0.96,8.8,7,0,0
12.15,4,0.018,7.0,0.96,9.2,6,0,0
17.9,1,0.04,25.7,0.85,11.8,5,0,0
22.12,2,0.87,3939.7,0.24,4673.7,46,18,1
10.03,2,0.018,9.4,0.84,34.9,2,0,0
8.78,3,0.019,3.0,0.97,21.0,5,0,0
13.21,0,0.014,5.8,0.96,20.2,3,0,0
15.28,3,0.051,18.1,0.93,22.4,4,0,0
7.82,4,0.036,10.6,0.91,8.8,5,0,0
13.18,4,0.05,13.5,0.93,13.0,5,0,0
15.68,4,0.001,12.7,0.84,20.1,4,0,0
15.95,3,0.074,9.2,0.95,34.5,4,0,0
22.12,3,0.829,10520.1,0.28,7677.5,49,15,1
22.12,6,0.811,2910.1,0.23,2926.1,44,13,1
16.18,1,0.085,15.6,0.97,11.3,7,0,0
10.08,4,0.087,8.6,0.96,21.2,3,1,0
9.07,0,0.003,8.8,0.99,17.1,6,0,0
11.64,0,0.011,5.4,0.95,25.5,6,1,0
15.01,2,0.002,42.4,0.95,22.2,2,0,0
15.18,2,0.055,1.1,0.78,17.1,3,0,0
10.65,2,0.03,2.4,0.91,18.4,7,0,0
11.71,2,0.034,2.8,0.84,15.5,4,0,0
7.0,2,0.011,1.5,0.94,16.7,4,0,0
11.05,1,0.159,10.7,0.85,12.8,2,0,0
22.12,4,0.788,11191.2,0.14,4837.0,98,3,1
22.12,5,0.635,4228.4,0.21,4307.8,104,5,1
12.39,2,0.004,5.2,0.9,44.0,2,0,0
9.25,1,0.017,13.2,0.99,17.7,4,0,0
11.0,1,0.067,24.0,0.92,34.7,5,0,0
9.93,0,0.024,7.0,0.91,28.1,4,0,0
10.09,3,0.015,7.5,0.96,32.8,3,0,0
8.9,5,0.012,4.8,0.89,14.8,4,0,0
10.33,3,0.008,2.7,0.96,20.5,5,1,0
12.52,2,0.105,0.8,0.93,27.2,3,0,0
11.52,0,0.065,15.9,0.94,36.7,2,0,0
14.55,2,0.01,6.1,0.93,34.0,6,0,0
9.62,4,0.02,1.2,0.86,13.0,2,0,0
13.98,1,0.025,4.5,0.98,44.1,4,0,0
15.45,0,0.05,1.6,0.98,17.4,2,0,0
16.07,1,0.081,1.1,0.92,14.4,6,1,0
15.89,2,0.017,2.0,0.97,13.7,4,0,0
22.12,1,0.805,6689.7,0.15,3833.3,78,10,1
12.58,0,0.032,4.1,0.77,11.8,4,0,0
12.07,0,0.048,3.5,0.99,17.7,7,0,0
10.7,0,0.052,8.5,0.93,15.5,6,0,0
11.68,3,0.011,1.3,0.89,19.2,4,0,0
11.01,3,0.07,2.2,0.81,15.3,10,0,0
19.23,4,0.014,16.5,0.9,25.8,7,0,0
22.12,3,0.875,7943.8,0.1,698.5,86,3,1
15.04,0,0.022,30.4,0.89,30.9,9,0,0
9.03,3,0.003,10.5,0.99,16.1,6,0,0
12.22,1,0.003,1.7,0.95,35.8,5,0,0
13.02,1,0.013,9.9,0.91,37.5,3,0,0
13.93,1,0.023,5.1,0.95,7.2,7,0,0
10.59,3,0.033,0.1,0.88,41.0,2,0,0
14.43,4,0.058,5.7,0.95,32.9,5,0,0
22.12,6,0.84,10692.5,0.23,3352.1,78,6,1
8.61,1,0.001,8.7,0.95,21.9,3,0,0
16.33,0,0.013,3.2,0.97,31.3,4,2,0
13.78,4,0.018,0.1,0.93,7.8,4,0,0
18.26,3,0.032,1.9,0.94,8.2,7,0,0
14.94,2,0.055,5.2,0.96,31.3,3,0,0
11.06,2,0.128,6.3,0.96,15.6,8,0,0
15.76,4,0.005,0.8,0.94,23.2,4,0,0
12.11,1,0.023,9.9,0.94,47.7,6,0,0
22.12,1,0.756,7991.7,0.08,1650.0,112,6,1
9.1,0,0.029,4.8,0.98,4.8,5,0,0
22.12,3,0.922,5565.7,0.07,3693.4,131,10,1
22.12,0,0.939,3494.7,0.54,4309.1,116,14,1
14.87,0,0.04,7.3,0.94,7.7,8,0,0
9.16,2,0.008,2.6,0.97,24.6,7,0,0
10.63,4,0.142,2.2,0.85,19.2,4,0,0
10.45,1,0.053,0.3,0.96,23.7,7,0,0
12.94,1,0.008,1.8,0.99,14.7,4,0,0
12.6,1,0.004,10.0,0.93,26.3,2,1,0
14.2,0,0.064,6.8,0.93,7.6,2,0,0
11.64,0,0.007,8.3,0.88,8.0,4,0,0
8.15,4,0.078,0.5,0.97,26.3,7,0,0
14.32,1,0.038,15.5,0.93,18.4,8,0,0
10.53,2,0.063,3.3,0.96,8.7,5,0,0
13.55,5,0.027,16.0,0.98,16.0,8,0,0
11.84,1,0.073,8.1,0.94,12.7,11,0,0
14.77,2,0.076,1.4,0.76,55.4,2,0,0
12.99,6,0.111,5.2,0.78,15.1,4,0,0
16.58,3,0.057,15.1,0.88,23.9,4,0,0
22.12,1,0.854,10856.6,0.16,4082.8,128,3,1
22.12,6,0.831,8756.3,0.06,1593.2,122,19,1
13.76,3,0.022,15.6,0.97,33.8,5,2,0
12.9,3,0.021,15.0,0.93,18.1,3,0,0
13.59,0,0.03,5.1,0.94,18.2,7,0,0
12.19,4,0.065,7.3,0.95,16.8,6,0,0
10.5,0,0.009,11.0,0.87,29.1,4,0,0
13.29,2,0.018,4.1,0.97,36.2,5,0,0
13.31,2,0.055,8.7,0.93,29.8,6,0,0
22.12,4,0.939,2117.3,0.06,4172.4,36,13,1
22.12,0,0.609,4260.0,0.06,4302.5,44,3,1
14.15,3,0.026,28.4,0.97,42.1,6,0,0
13.15,2,0.007,10.2,0.92,17.6,7,0,0
13.26,2,0.039,20.0,0.86,4.9,3,0,0
18.16,2,0.001,2.6,0.88,12.3,6,0,0
15.09,2,0.054,22.6,0.94,6.4,6,0,0
11.01,2,0.014,12.0,0.93,8.0,7,0,0
7.72,4,0.025,60.0,0.88,17.7,5,0,0
12.06,2,0.035,4.8,0.89,26.1,4,0,0
17.63,2,0.015,3.9,0.98,54.3,6,0,0
20.0,3,0.057,14.9,0.94,13.2,4,0,0
22.12,5,0.856,5282.6,0.2,7371.3,111,4,1
9.49,1,0.037,0.6,0.94,3.2,6,0,0
10.48,4,0.015,4.3,0.99,61.3,6,0,0
13.98,0,0.041,2.9,0.91,20.3,6,0,0
7.92,1,0.031,21.6,0.95,44.5,2,0,0
9.22,2,0.014,60.0,0.81,20.5,2,0,0
15.87,0,0.028,18.0,0.97,43.5,4,0,0
22.12,6,0.787,7478.2,0.11,2108.9,175,13,1
8.18,4,0.013,12.0,0.97,11.1,2,1,0
12.14,0,0.046,5.7,0.95,9.9,6,0,0
14.49,5,0.003,1.7,0.95,13.5,5,0,0
22.12,3,0.916,3788.0,0.1,6762.4,119,3,1
12.22,0,0.015,5.2,0.85,10.9,3,1,0
7.89,4,0.022,5.3,0.94,7.0,2,1,0
13.57,3,0.015,1.6,0.85,10.7,7,0,0
15.07,1,0.045,1.1,0.95,10.7,8,1,0
10.5,0,0.064,14.7,0.75,18.2,8,0,0
15.59,1,0.054,17.5,0.86,20.4,2,0,0
15.47,4,0.107,0.0,0.77,22.6,7,1,0
15.93,4,0.042,5.4,0.94,15.2,3,2,0
12.83,0,0.012,16.4,0.98,20.8,3,0,0
14.92,2,0.027,15.6,0.81,10.0,4,0,0
22.12,6,0.913,9241.7,0.06,4133.9,186,7,1
7.71,1,0.047,1.0,0.94,8.3,6,0,0
11.22,2,0.037,2.3,0.96,30.2,7,0,0
13.59,0,0.016,12.4,0.96,20.3,7,0,0
11.34,1,0.016,19.3,0.96,12.4,5,0,0
11.55,2,0.079,27.9,0.85,23.8,9,0,0
14.03,4,0.001,3.0,0.95,19.6,8,0,0
12.83,0,0.029,18.1,0.97,38.7,7,0,0
7.46,3,0.02,15.5,0.88,26.1,6,0,0
22.12,4,0.781,6720.6,0.29,1414.4,135,13,1
10.3,1,0.005,6.6,0.93,18.1,10,0,0
12.03,0,0.065,4.3,0.97,32.2,6,0,0
12.53,0,0.068,5.2,0.99,8.2,9,0,0
11.84,5,0.015,18.1,0.99,21.0,5,1,0
16.34,1,0.002,0.2,0.92,54.0,7,0,0
22.12,1,0.561,3991.9,0.17,3581.5,72,8,1
12.25,0,0.015,3.9,0.96,12.4,5,0,0
13.33,0,0.023,21.3,0.95,13.4,1,0,0
22.12,6,0.695,5994.0,0.08,5833.2,170,11,1
13.25,3,0.01,1.4,0.85,31.8,5,1,0
22.12,6,0.698,9210.2,0.09,855.7,77,9,1
13.6,0,0.032,9.5,0.79,62.9,5,0,0
12.05,2,0.03,0.4,0.88,24.7,6,0,0
15.17,1,0.014,13.3,0.99,18.4,3,0,0
17.92,2,0.044,19.8,0.95,26.7,10,0,0
15.71,0,0.011,25.5,0.94,53.4,1,0,0
14.72,1,0.001,3.1,0.95,16.8,4,0,0
13.49,1,0.104,13.3,0.9,38.9,6,0,0
17.6,2,0.021,2.5,0.97,16.2,6,0,0
14.14,2,0.044,1.2,0.93,32.2,3,0,0
15.12,2,0.01,7.1,0.99,23.4,5,0,0
11.9,2,0.007,8.4,0.96,10.4,5,0,0
15.67,3,0.009,0.7,0.99,40.8,1,0,0
14.74,1,0.03,11.5,0.91,18.4,1,0,0
14.08,2,0.028,7.9,0.98,56.5,7,0,0
13.45,2,0.021,2.1,0.94,22.4,3,0,0
16.8,3,0.081,18.0,0.78,11.5,11,0,0
12.08,3,0.013,5.8,0.9,10.7,6,0,0
22.12,1,0.815,6512.9,0.05,4976.0,141,18,1
13.92,1,0.014,7.9,0.93,22.9,5,0,0
14.67,4,0.002,6.1,0.97,15.1,5,0,0
15.13,4,0.019,1.5,0.98,45.8,2,0,0
10.62,0,0.057,12.3,0.84,10.3,2,0,0
15.58,3,0.077,2.4,0.98,13.8,6,0,0
14.9,4,0.002,3.7,0.93,33.9,8,0,0
22.12,3,0.93,1558.6,0.25,6935.1,164,4,1
11.21,1,0.019,18.1,0.95,20.4,3,0,0
13.45,3,0.037,10.2,0.96,38.4,2,0,0
18.51,2,0.054,0.9,0.92,10.0,5,0,0
11.82,2,0.027,6.0,0.95,27.8,5,0,0
13.93,5,0.032,8.3,0.93,15.8,4,0,0
22.12,1,0.901,7904.1,0.13,3416.5,116,17,1
9.44,2,0.007,6.7,0.9,60.9,5,0,0
12.36,0,0.008,0.8,0.83,3.8,4,0,0
9.93,2,0.015,1.5,0.94,21.9,2,0,0
11.31,4,0.02,0.3,1.0,23.3,7,0,0
8.49,1,0.007,18.1,0.83,28.8,5,0,0
22.12,4,0.671,10851.7,0.05,6914.4,182,12,1
18.54,0,0.073,7.4,0.95,20.3,6,1,0
12.37,3,0.004,10.8,0.97,14.9,4,0,0
12.93,4,0.027,0.9,0.89,20.0,4,0,0
22.12,1,0.829,9253.3,0.07,6745.7,46,12,1
22.12,0,0.925,8778.0,0.12,2738.3,192,7,1
18.03,2,0.02,6.0,0.94,27.4,2,0,0
13.11,0,0.04,10.3,0.97,14.7,2,0,0
12.84,3,0.009,6.5,0.97,21.2,5,0,0
9.56,3,0.008,15.3,0.94,38.0,5,0,0
12.43,3,0.031,7.8,0.96,22.0,6,0,0
22.12,6,0.949,11260.1,0.17,7264.2,91,7,1
13.92,1,0.048,8.5,0.97,23.2,6,0,0
16.02,3,0.003,4.9,0.96,7.9,5,0,0
17.43,1,0.079,0.8,0.97,17.3,1,0,0
22.12,5,0.867,5620.8,0.08,3708.8,175,10,1
17.35,4,0.088,9.0,0.86,29.8,5,0,0
13.0,0,0.0,0.0,0.92,33.8,6,0,0
13.02,4,0.001,2.7,0.96,29.9,4,0,0
14.49,5,0.039,18.6,0.91,17.3,3,0,0
11.45,1,0.027,8.2,0.83,34.4,3,0,0
15.5,1,0.057,4.5,0.87,14.9,5,1,0
22.12,6,0.911,5586.4,0.07,2176.5,46,10,1
10.92,6,0.032,10.6,0.98,31.6,3,1,0
12.79,3,0.018,7.2,0.9,3.5,6,0,0
17.12,2,0.002,2.2,0.97,15.3,1,0,0
15.05,3,0.018,14.9,0.9,31.4,5,0,0
10.18,0,0.064,6.5,0.81,32.7,4,0,0
12.89,1,0.009,15.4,0.88,7.2,6,0,0
11.61,3,0.049,0.7,0.91,27.4,3,0,0
14.98,2,0.005,1.2,0.96,37.0,3,0,0
22.12,2,0.558,6524.7,0.15,5727.9,58,8,1
8.79,1,0.034,17.0,0.89,35.0,9,0,0
8.26,1,0.1,21.0,0.97,19.1,4,0,0
15.35,3,0.005,9.5,0.85,11.0,3,0,0
10.51,5,0.002,1.9,0.97,39.2,1,0,0
14.44,2,0.093,47.6,0.93,17.9,3,0,0
9.8,2,0.051,2.7,0.98,19.8,3,0,0
19.76,0,0.033,12.6,0.95,27.5,4,0,0
11.6,4,0.052,7.8,0.95,12.9,5,0,0
14.36,1,0.05,10.1,0.9,17.0,7,1,0
22.12,2,0.855,7124.3,0.18,1579.7,45,6,1
12.43,3,0.002,10.7,0.98,48.2,7,1,0
7.0,4,0.042,3.3,0.92,8.1,4,0,0
9.36,3,0.072,2.2,0.83,19.7,7,0,0
13.73,1,0.017,19.8,0.98,26.9,4,0,0
11.89,1,0.019,7.1,0.98,5.4,4,0,0
7.66,2,0.072,36.5,0.93,38.3,6,0,0
14.14,3,0.017,9.3,0.86,18.9,4,1,0
7.88,4,0.05,3.5,0.96,53.2,5,0,0
14.89,0,0.199,54.9,0.87,26.6,3,1,0
9.33,0,0.063,12.3,0.86,35.2,4,1,0
14.51,1,0.083,2.7,0.96,1.2,4,0,0
14.83,1,0.004,25.2,0.96,19.5,11,0,0
11.34,1,0.049,0.0,0.93,26.5,6,0,0
22.12,0,0.87,9954.4,0.09,7360.7,84,19,1
13.51,0,0.004,4.1,0.98,13.6,7,1,0
10.86,4,0.038,18.1,0.96,20.1,3,0,0
14.76,2,0.088,20.2,0.95,34.5,3,0,0
19.94,1,0.008,6.1,0.92,48.5,2,0,0
11.66,1,0.04,3.1,0.99,47.5,6,1,0
14.65,0,0.009,8.8,0.84,13.9,9,0,0
7.72,4,0.015,2.3,0.9,20.8,4,0,0
9.82,0,0.034,6.6,0.9,19.7,2,0,0
10.62,2,0.067,0.6,0.94,29.4,7,0,0
22.12,4,0.81,6347.4,0.35,4649.2,67,9,1
10.57,3,0.03,1.3,0.92,46.5,2,0,0
15.62,3,0.026,9.5,0.98,20.4,5,0,0
16.99,0,0.006,6.1,0.96,44.3,7,0,0
15.02,1,0.024,2.3,0.91,6.2,6,0,0
10.18,1,0.013,0.2,0.95,17.5,3,1,0
11.76,2,0.101,1.2,0.79,8.6,6,0,0
14.69,4,0.01,14.4,0.86,36.8,8,0,0
8.16,0,0.01,10.9,0.99,7.1,8,0,0
12.38,1,0.031,7.7,0.87,7.8,3,0,0
16.38,0,0.015,13.7,0.97,33.4,5,0,0
12.32,1,0.104,15.6,0.97,15.0,5,1,0
14.24,0,0.006,0.2,0.98,32.8,4,0,0
14.43,1,0.0,4.9,0.91,30.8,4,0,0
14.82,2,0.097,5.9,0.77,9.2,6,0,0
22.12,2,0.535,8587.7,0.35,1181.5,147,19,1
13.15,6,0.017,13.1,0.95,26.5,4,0,0
8.34,4,0.029,17.3,0.8,19.9,11,0,0
15.48,0,0.048,56.6,0.94,11.1,1,0,0
17.23,1,0.008,15.3,0.91,21.0,3,0,0
12.37,4,0.011,5.2,0.84,23.4,2,1,0
17.2,3,0.032,41.9,0.95,7.3,2,0,0
16.33,1,0.004,16.2,0.93,10.3,4,0,0
10.28,1,0.006,1.7,0.98,30.9,3,0,0
12.89,1,0.062,2.3,0.94,25.9,6,1,0
8.79,1,0.033,0.8,0.92,18.1,5,0,0
22.12,5,0.894,4016.3,0.31,4339.1,37,7,1
13.76,4,0.137,2.3,0.97,8.1,5,0,0
15.13,0,0.004,5.9,0.98,24.1,5,0,0
9.69,4,0.024,25.3,0.88,17.0,5,0,0
14.75,1,0.02,5.3,0.95,10.0,5,0,0
12.04,1,0.078,2.9,0.94,57.7,4,0,0
14.18,1,0.008,4.2,0.93,21.2,6,0,0
15.62,3,0.037,11.1,0.97,15.9,4,0,0
14.56,0,0.021,13.7,0.97,11.6,4,0,0
14.04,0,0.037,15.9,0.97,22.7,5,0,0
11.35,0,0.041,10.4,0.87,11.5,3,0,0
15.21,4,0.049,7.3,0.9,6.5,6,0,0
11.59,2,0.009,7.4,0.9,32.4,9,0,0
17.51,1,0.012,22.5,0.93,37.9,4,0,0
14.67,2,0.02,17.5,0.94,13.7,5,0,0
15.54,3,0.001,0.5,0.95,71.7,1,0,0
14.54,2,0.007,10.9,0.91,30.5,3,0,0
22.12,3,0.679,5399.1,0.06,2634.9,125,5,1
22.12,1,0.976,9172.3,0.17,7695.6,48,8,1
12.89,4,0.031,5.4,0.92,29.6,5,0,0
11.49,3,0.02,0.8,0.87,13.4,5,0,0
12.69,4,0.003,51.3,0.94,10.1,2,0,0
7.0,2,0.022,13.1,0.83,24.2,5,1,0
18.21,0,0.032,60.0,0.95,26.1,2,0,0
13.3,0,0.017,0.9,0.91,27.2,15,0,0
15.34,3,0.103,36.7,0.9,38.9,2,1,0
9.71,5,0.049,10.5,0.97,10.9,4,1,0
14.52,1,0.021,0.9,0.86,13.7,4,0,0
20.0,5,0.013,11.5,0.97,21.7,7,0,0
11.23,2,0.025,10.6,0.99,19.7,7,0,0
11.42,4,0.034,5.0,0.96,21.4,5,0,0
13.86,0,0.036,11.0,0.95,16.0,9,0,0
10.74,2,0.014,16.1,0.97,2.5,9,0,0
10.11,4,0.017,7.6,0.92,24.8,7,0,0
17.57,1,0.008,7.3,0.92,19.7,2,0,0
12.16,2,0.003,19.1,0.91,4.7,4,0,0
22.12,0,0.911,8722.6,0.1,4140.3,111,5,1
22.12,0,0.925,1859.8,0.05,7446.2,196,5,1
15.5,3,0.028,0.1,0.94,27.4,4,0,0
12.7,2,0.113,9.5,0.92,24.4,4,0,0
14.39,4,0.022,0.4,0.91,15.0,2,0,0
15.64,2,0.004,22.0,0.92,17.0,3,0,0
20.0,0,0.009,10.4,0.93,12.1,1,0,0
11.92,4,0.011,0.0,0.97,25.5,4,0,0
10.4,0,0.001,6.0,0.93,38.4,6,0,0
11.78,3,0.001,0.6,0.9,19.2,4,0,0
11.25,2,0.025,6.7,0.89,22.5,5,2,0
22.12,4,0.577,6573.7,0.09,2773.8,150,11,1
11.65,2,0.02,34.3,0.97,45.2,5,0,0
14.63,2,0.022,8.0,0.87,4.5,5,1,0
16.43,4,0.029,54.1,0.82,15.8,6,0,0
16.21,0,0.101,22.0,0.96,29.3,3,0,0
14.39,0,0.021,34.1,0.98,22.7,5,0,0
14.99,2,0.028,9.4,0.95,71.9,5,0,0
22.12,1,0.862,7332.6,0.21,7304.7,160,13,1
14.73,0,0.049,6.6,0.96,39.9,3,0,0
22.12,0,0.644,10496.1,0.22,1032.3,116,10,1
22.12,0,0.905,3252.2,0.25,3074.5,130,13,1
9.69,0,0.042,50.2,0.93,44.7,6,0,0
11.06,1,0.09,4.7,0.94,20.3,3,0,0
12.31,0,0.002,11.2,0.97,15.6,5,0,0
12.94,4,0.034,4.4,0.97,17.9,2,0,0
13.48,0,0.073,19.4,0.92,9.0,3,0,0
11.36,3,0.008,0.8,0.92,43.8,5,0,0
12.61,2,0.008,9.4,0.94,7.9,6,0,0
7.0,2,0.018,7.8,0.96,12.8,4,2,0
12.36,4,0.12,6.4,0.92,25.3,3,0,0
22.12,3,0.946,7519.9,0.05,3891.9,77,15,1
22.12,5,0.806,2172.5,0.16,4922.9,181,11,1
13.81,2,0.035,0.2,0.84,7.2,3,1,0
10.74,1,0.04,1.7,0.92,27.9,7,0,0
14.15,3,0.039,0.4,0.98,16.8,7,0,0
22.12,4,0.88,6148.2,0.27,7590.2,81,3,1
13.39,0,0.03,0.4,0.95,29.4,4,0,0
16.28,0,0.019,8.5,0.89,16.4,2,0,0
14.94,2,0.063,3.5,0.91,7.5,8,1,0
12.54,5,0.038,9.7,0.96,11.8,5,0,0
14.81,1,0.003,13.9,0.99,13.7,5,0,0
10.51,1,0.012,22.8,0.96,15.9,6,0,0
9.57,1,0.01,5.6,0.87,38.3,6,0,0
13.44,4,0.026,8.9,0.9,23.6,8,0,0
17.07,1,0.026,1.7,0.95,4.3,8,0,0
9.99,4,0.024,1.1,0.99,25.0,9,0,0
15.46,1,0.022,17.8,0.97,24.2,5,0,0
12.47,4,0.01,0.4,0.82,19.5,6,0,0
11.95,4,0.007,8.9,0.97,35.9,6,0,0
10.99,4,0.073,4.8,0.96,16.4,6,0,0
10.81,0,0.071,15.6,0.94,10.9,2,0,0
14.69,0,0.003,9.2,0.98,21.9,9,1,0
14.42,1,0.043,4.8,0.93,9.8,4,0,0
9.49,2,0.033,2.4,0.97,23.2,5,1,0
14.2,3,0.008,8.6,0.98,19.7,5,0,0
22.12,2,0.877,5120.0,0.09,3594.2,164,17,1
15.09,2,0.001,1.2,0.94,14.0,9,0,0
17.65,2,0.026,4.0,0.98,14.9,2,0,0
10.52,1,0.038,13.4,0.84,41.3,9,0,0
19.46,1,0.001,6.3,0.95,5.6,6,1,0
14.62,2,0.029,12.8,0.86,22.0,7,0,0
11.37,3,0.005,9.3,0.84,30.1,6,0,0
12.07,1,0.014,8.6,0.94,11.9,5,0,0
8.46,3,0.013,5.2,0.94,75.0,6,0,0
16.71,3,0.058,2.6,0.89,30.7,5,0,0
8.94,1,0.01,8.7,0.91,47.2,6,0,0
12.3,3,0.011,1.1,0.98,26.9,4,0,0
14.85,3,0.094,2.6,0.93,61.8,5,0,0
13.86,5,0.001,0.5,0.95,22.6,4,0,0
12.08,0,0.011,0.2,0.94,28.5,9,0,0
15.81,2,0.013,6.0,0.98,43.2,3,1,0
10.29,0,0.003,18.4,0.96,10.2,6,0,0
15.47,0,0.007,39.9,0.95,5.5,4,1,0
15.14,3,0.008,1.4,0.92,36.2,7,0,0
12.33,0,0.006,14.2,0.93,29.4,9,0,0
7.0,1,0.118,7.8,0.97,33.7,4,0,0
18.64,6,0.021,1.0,0.94,13.6,5,0,0
11.54,3,0.026,22.4,0.95,26.9,9,0,0
14.57,0,0.021,3.1,0.98,13.0,4,0,0
14.03,4,0.007,6.7,0.99,22.8,5,0,0
13.53,4,0.003,3.8,0.97,11.4,5,0,0
10.77,1,0.004,13.7,0.99,28.9,8,0,0
9.27,2,0.021,20.3,0.98,26.4,5,0,0
22.12,3,0.821,10135.9,0.16,4796.5,116,14,1
14.04,4,0.05,11.7,0.89,1.5,5,0,0
15.87,2,0.017,11.8,0.9,28.4,5,0,0
16.71,1,0.006,1.9,0.96,2.5,5,0,0
10.06,2,0.012,1.3,0.92,20.4,3,0,0
12.09,1,0.026,13.5,0.91,35.7,4,0,0
13.06,0,0.024,2.4,0.98,40.2,1,0,0
22.12,1,0.843,7333.6,0.17,1869.3,199,17,1
8.73,0,0.058,14.1,0.96,5.7,9,0,0
22.12,2,0.737,10268.4,0.31,6739.6,172,6,1
9.43,1,0.024,2.8,0.91,22.7,4,0,0
8.45,2,0.046,2.7,0.83,24.4,9,0,0
13.09,0,0.008,25.1,0.96,23.4,6,0,0
22.12,3,0.94,4189.4,0.08,5425.8,151,15,1
22.12,2,0.846,4556.2,0.05,1080.2,57,11,1
9.09,3,0.093,4.1,0.96,32.6,3,0,0
22.12,3,0.727,3618.0,0.07,5490.1,35,15,1
10.15,2,0.028,22.0,0.89,26.4,5,0,0
10.9,1,0.005,6.4,0.98,28.6,4,0,0
22.12,2,0.92,4308.2,0.07,7975.8,52,15,1
10.39,0,0.044,3.3,0.87,29.8,7,1,0
16.3,0,0.139,1.6,0.95,32.5,4,0,0
14.11,0,0.023,20.6,0.98,17.1,11,0,0
11.89,4,0.049,3.1,0.87,39.0,2,0,0
15.26,2,0.032,5.1,0.92,15.3,7,0,0
16.83,0,0.136,5.8,0.91,24.3,8,0,0
14.76,3,0.003,34.8,0.89,5.0,1,0,0
14.78,1,0.055,1.4,0.99,39.3,3,1,0
14.64,1,0.039,4.2,0.96,21.3,3,0,0
14.32,1,0.0,1.7,0.89,11.7,3,0,0
8.78,4,0.03,17.1,0.95,48.5,5,0,0
22.12,2,0.877,6726.1,0.1,4483.9,169,7,1
17.89,2,0.027,2.1,0.93,36.4,5,0,0
14.94,3,0.034,5.4,0.92,52.1,6,0,0
15.89,1,0.06,4.1,0.9,39.9,2,0,0
10.11,0,0.016,5.8,0.98,53.5,1,0,0
8.73,3,0.025,10.6,0.93,16.7,6,0,0
9.23,3,0.082,8.5,0.95,13.2,7,0,0
13.38,0,0.011,0.6,0.99,33.2,6,0,0
7.26,0,0.052,7.2,0.95,13.2,4,0,0
10.81,0,0.01,2.1,0.95,12.0,2,1,0
16.77,4,0.008,14.3,0.95,11.8,6,0,0
22.12,4,0.816,5063.0,0.18,867.2,120,5,1
11.27,1,0.083,4.1,0.96,7.4,9,0,0
10.25,1,0.003,10.5,1.0,57.6,7,0,0
14.54,6,0.08,4.0,0.86,8.5,4,0,0
22.12,2,0.863,6911.7,0.34,5178.6,55,11,1
13.6,3,0.019,2.9,0.93,25.6,3,0,0
22.12,3,0.636,1650.9,0.1,4906.8,137,6,1
12.61,1,0.02,9.1,0.82,10.6,4,0,0
12.11,0,0.006,2.9,0.98,31.4,8,0,0
12.12,6,0.075,12.5,0.96,25.0,7,0,0
7.0,1,0.015,2.6,0.96,9.2,8,0,0
10.3,0,0.006,26.9,0.95,23.7,5,0,0
12.2,1,0.002,2.8,0.96,24.0,7,2,0
8.69,4,0.054,3.8,0.87,30.4,5,2,0
22.12,2,0.77,8894.9,0.14,3900.1,145,12,1
16.5,2,0.036,1.2,0.88,21.7,5,0,0
15.06,3,0.05,4.3,0.95,2.0,7,0,0
13.24,2,0.025,4.3,0.92,5.1,4,0,0
22.12,3,0.893,7139.2,0.07,927.9,72,6,1
11.59,4,0.067,8.4,0.97,23.7,4,0,0
12.64,2,0.036,11.6,0.84,10.1,2,0,0
15.05,1,0.049,6.9,0.88,32.1,5,0,0
15.06,0,0.134,10.8,0.88,13.9,3,0,0
14.54,0,0.018,27.7,0.98,39.8,5,0,0
14.21,3,0.0,28.0,0.97,20.7,4,0,0
12.42,2,0.008,15.4,0.91,31.8,7,0,0
8.18,0,0.014,4.4,0.89,24.3,2,0,0
10.27,1,0.004,6.5,0.94,22.3,8,0,0
11.36,3,0.007,9.5,0.96,21.9,5,0,0
22.12,0,0.713,10591.7,0.17,6603.0,100,10,1
10.09,3,0.001,15.3,0.85,4.7,7,0,0
22.12,5,0.746,11014.0,0.14,7380.2,48,15,1
22.12,1,0.911,9453.8,0.06,6210.3,40,6,1
16.95,1,0.024,4.2,0.93,28.3,4,0,0
13.9,0,0.02,0.4,0.99,20.0,6,0,0
10.73,3,0.074,3.3,0.96,44.4,6,0,0
12.42,2,0.029,22.8,0.76,15.2,4,0,0
11.52,3,0.009,23.4,0.9,16.1,8,0,0
22.12,2,0.936,7587.2,0.15,7216.4,132,4,1
22.12,4,0.802,3353.6,0.22,5606.9,180,16,1
14.86,1,0.058,12.8,0.93,15.3,6,0,0
22.12,6,0.929,7427.0,0.18,3125.3,162,8,1
11.97,0,0.04,1.5,0.93,13.1,9,0,0
15.45,4,0.03,16.0,0.93,52.4,6,0,0
12.04,3,0.054,4.2,0.98,21.5,8,0,0
11.57,4,0.001,4.4,0.84,14.4,3,0,0
16.56,4,0.048,1.0,0.94,27.4,8,0,0
14.77,1,0.009,11.7,0.97,27.0,11,0,0
14.53,0,0.004,2.3,0.93,44.6,6,0,0
12.92,4,0.009,0.3,0.94,24.5,5,0,0
10.23,2,0.022,11.4,0.97,27.7,4,0,0
14.95,1,0.021,43.3,0.96,11.7,5,0,0
10.55,4,0.015,29.0,0.95,31.8,1,1,0
12.69,2,0.045,10.1,0.91,19.6,5,0,0
15.81,4,0.02,7.0,0.8,19.5,6,0,0
11.18,0,0.015,7.5,0.94,10.5,4,1,0
8.18,0,0.025,3.9,0.92,18.6,5,1,0
10.06,2,0.003,8.3,0.98,23.2,1,0,0
22.12,0,0.783,1829.0,0.16,2298.6,74,18,1
22.12,1,0.874,8955.2,0.28,709.4,93,14,1
13.03,4,0.011,7.5,0.93,41.9,9,0,0
17.61,3,0.024,14.6,0.88,26.3,6,0,0
17.02,0,0.051,22.1,0.93,30.3,3,0,0
13.72,6,0.016,2.8,0.97,25.4,9,0,0
16.54,0,0.001,4.3,0.88,26.0,3,0,0
19.81,1,0.003,7.6,0.91,56.7,10,0,0
13.0,1,0.02,1.1,0.86,72.7,1,0,0
10.09,1,0.041,2.6,0.87,26.0,5,2,0
15.78,4,0.009,15.1,0.88,38.8,2,0,0
15.49,4,0.031,1.1,0.95,35.7,4,1,0
12.46,1,0.061,7.2,0.9,18.3,4,0,0
22.12,4,0.865,8816.2,0.05,3226.5,197,10,1
22.12,5,0.773,6456.9,0.05,6751.3,77,16,1
11.33,1,0.075,5.3,0.95,6.2,6,0,0
12.83,2,0.014,1.6,0.86,10.7,3,0,0
13.21,3,0.012,7.7,0.96,18.4,6,0,0
10.19,3,0.018,8.6,0.97,18.9,4,0,0
7.89,3,0.027,13.2,0.76,7.6,6,0,0
12.01,4,0.006,1.0,0.97,30.5,5,0,0
8.12,2,0.011,11.5,0.99,29.0,7,0,0
12.37,1,0.019,14.5,0.92,71.7,5,0,0
16.62,3,0.096,4.6,0.91,25.9,4,1,0
13.55,4,0.013,26.9,0.98,17.9,6,0,0
11.39,5,0.065,6.1,0.93,47.6,7,0,0
22.12,6,0.715,7082.5,0.24,6121.0,169,14,1
22.12,0,0.798,1809.7,0.16,6227.4,77,8,1
14.03,0,0.037,6.4,0.96,32.9,5,1,0
13.17,4,0.008,1.7,0.89,43.1,3,0,0
11.12,2,0.051,1.9,0.94,21.5,5,0,0
13.21,1,0.025,1.0,1.0,72.8,4,0,0
15.25,4,0.071,2.5,0.97,9.5,11,0,0
22.12,0,0.842,1832.3,0.07,5160.5,61,11,1
7.72,2,0.048,12.8,0.99,33.5,5,0,0
19.23,2,0.01,7.5,0.88,35.9,3,0,0
14.54,3,0.002,4.7,0.98,5.2,2,0,0
17.44,5,0.026,4.6,0.93,8.6,3,0,0
12.24,0,0.027,5.2,0.97,28.8,3,0,0
22.12,4,0.856,9039.7,0.13,1419.4,55,9,1
13.81,0,0.026,7.7,0.97,8.0,3,0,0
9.28,4,0.008,37.2,0.99,75.0,7,0,0
10.05,1,0.031,2.7,0.9,33.7,5,0,0
15.82,1,0.007,0.2,0.95,23.3,6,0,0
11.93,1,0.079,0.4,0.96,49.8,7,0,0
13.48,4,0.022,15.0,0.93,7.1,9,1,0
7.09,0,0.059,4.7,0.97,51.1,6,0,0
11.45,2,0.017,4.9,0.92,40.6,3,0,0
16.71,2,0.002,3.6,0.86,16.2,5,0,0
17.26,3,0.043,8.8,0.95,31.2,4,1,0
17.4,1,0.001,20.6,0.91,16.0,3,0,0
11.18,1,0.022,2.1,0.96,70.8,2,0,0
17.48,0,0.026,23.4,0.89,25.5,2,0,0
16.26,2,0.004,0.7,0.9,23.2,8,0,0
22.12,3,0.957,9949.3,0.15,2508.6,47,4,1
14.4,0,0.027,1.0,0.99,4.9,8,0,0
11.04,1,0.022,20.1,0.91,33.2,4,0,0
22.12,2,0.599,11697.1,0.22,5195.7,115,4,1
16.13,4,0.003,20.2,0.97,8.0,7,0,0
15.75,1,0.023,22.3,0.84,6.5,5,0,0
18.6,4,0.014,19.7,0.88,36.9,3,0,0
15.04,4,0.012,2.2,0.99,36.3,4,0,0
14.75,3,0.009,12.3,0.92,25.5,6,0,0
22.12,0,0.865,11324.1,0.06,6934.0,143,4,1
7.0,3,0.021,14.6,0.94,31.3,6,0,0
8.98,0,0.004,7.4,0.94,19.6,3,0,0
22.12,2,0.533,6500.1,0.16,7974.9,187,13,1
11.75,0,0.009,1.7,0.96,61.4,5,0,0
10.02,5,0.003,11.7,0.99,29.3,3,0,0
12.6,1,0.06,16.2,0.96,20.9,2,0,0
22.12,3,0.943,1917.7,0.22,3550.1,157,3,1
11.34,4,0.034,0.9,0.96,14.6,6,0,0
15.37,0,0.071,3.2,0.95,31.3,5,0,0
13.28,4,0.042,0.2,0.96,16.5,3,0,0
22.12,5,0.821,5641.1,0.08,4083.5,105,17,1
12.92,0,0.028,7.2,0.84,11.1,4,0,0
8.92,0,0.03,6.4,0.93,30.6,3,0,0
15.65,0,0.053,3.4,0.86,31.0,6,1,0
14.72,3,0.051,7.6,0.95,41.0,1,0,0
22.12,6,0.877,1707.3,0.22,2168.1,118,9,1
10.48,3,0.024,14.2,0.88,2.6,2,0,0
10.92,2,0.038,0.8,0.9,21.4,3,0,0
7.0,2,0.037,4.6,0.92,15.6,4,0,0
22.12,1,0.973,10713.8,0.32,1795.3,156,16,1
16.31,4,0.004,4.5,0.84,14.3,11,0,0
14.5,3,0.025,4.5,0.98,31.1,4,0,0
12.28,3,0.007,4.5,0.93,29.0,2,1,0
22.12,0,0.915,2921.1,0.08,5940.7,80,4,1
15.52,1,0.01,27.3,0.91,39.3,2,0,0
13.35,0,0.054,12.7,0.8,40.8,4,0,0
20.0,0,0.052,3.9,0.97,37.7,10,1,0
10.71,5,0.011,22.5,0.92,43.6,2,0,0
11.06,1,0.025,0.1,0.86,54.2,3,0,0
22.12,0,0.699,5982.8,0.05,5770.4,122,4,1
11.4,1,0.053,9.6,0.89,17.2,9,0,0
18.54,3,0.0,7.2,0.98,32.0,3,0,0
13.78,0,0.09,9.4,0.93,27.5,1,0,0
13.56,4,0.006,4.4,0.91,17.8,4,0,0
10.57,2,0.022,15.7,0.93,27.2,7,0,0
16.95,0,0.058,6.1,0.9,24.1,7,0,0
15.57,6,0.021,9.9,0.94,15.3,4,0,0
14.5,3,0.035,0.8,0.99,28.8,7,0,0
13.06,1,0.023,25.7,0.87,32.9,4,0,0
8.76,1,0.003,4.5,0.97,18.8,5,0,0
13.61,0,0.007,7.7,0.89,57.7,10,0,0
13.84,0,0.12,1.5,0.92,21.4,6,0,0
22.12,3,0.943,9823.5,0.15,2303.5,139,5,1
11.2,1,0.041,16.4,0.81,19.8,5,0,0
12.34,2,0.004,9.1,0.98,25.1,3,0,0
14.55,4,0.031,3.5,0.97,8.7,4,0,0
12.73,5,0.011,7.0,0.97,17.0,3,0,0
11.77,5,0.0,0.0,1.0,16.9,1,0,0
18.03,2,0.026,7.8,0.94,21.8,4,0,0
10.95,4,0.016,2.1,0.97,25.3,5,0,0
22.12,0,0.674,3184.5,0.13,5852.6,120,5,1
22.12,3,0.873,5558.6,0.28,6545.8,89,10,1
13.74,0,0.003,27.0,0.97,36.0,4,0,0
15.09,4,0.016,11.2,0.9,28.2,8,0,0
22.12,4,0.835,5742.8,0.19,4142.0,196,15,1
12.33,3,0.01,9.3,0.97,39.3,11,1,0
22.12,0,0.8,1638.9,0.08,7125.9,74,5,1
8.78,5,0.047,8.2,0.97,15.6,4,0,0
22.12,3,0.941,3854.9,0.05,4387.9,152,9,1
11.29,2,0.02,15.8,0.98,27.6,6,0,0
10.18,1,0.039,1.5,0.94,14.4,5,0,0
14.52,3,0.076,6.8,0.92,9.3,3,0,0
16.02,1,0.016,4.5,0.93,6.9,2,0,0
13.9,0,0.044,0.6,0.92,7.9,5,0,0
7.0,2,0.007,0.2,0.91,44.7,4,0,0
22.12,5,0.738,9798.3,0.05,6683.8,63,8,1
22.12,0,0.844,4493.7,0.3,5154.2,83,17,1
14.0,1,0.043,14.9,0.97,15.2,6,0,0
22.12,4,0.772,11663.4,0.23,1449.4,153,9,1
10.69,1,0.118,17.7,0.89,12.0,6,0,0
14.07,1,0.009,14.7,0.91,19.2,7,1,0
15.49,4,0.012,4.2,0.91,27.3,5,0,0
12.54,2,0.012,21.5,0.94,9.8,4,0,0
11.91,2,0.025,0.6,0.95,19.5,5,0,0
11.82,3,0.046,4.7,0.91,28.4,3,0,0
19.17,0,0.095,22.7,0.96,12.5,5,0,0
8.65,2,0.021,7.3,0.97,25.5,8,0,0
17.11,2,0.023,6.9,0.94,18.0,5,0,0
11.04,3,0.051,7.7,0.87,27.4,7,0,0
11.35,1,0.062,11.2,0.82,14.5,3,0,0
16.91,1,0.022,0.1,0.96,14.3,2,0,0
9.74,0,0.019,7.2,0.97,9.2,3,1,0
7.1,3,0.032,25.1,0.98,15.2,2,0,0
9.81,1,0.06,17.7,0.98,15.0,6,0,0
13.33,1,0.018,4.8,0.96,12.0,5,0,0
14.33,0,0.022,14.3,0.96,24.7,4,0,0
18.27,2,0.022,14.3,0.99,12.6,2,0,0
22.12,1,0.995,9942.4,0.05,2122.8,104,9,1
13.63,4,0.002,2.2,0.96,23.0,4,0,0
22.12,2,0.715,11505.0,0.4,392.3,58,14,1
11.67,5,0.023,19.4,0.92,6.2,3,0,0
11.54,2,0.007,14.3,0.99,17.9,3,0,0
13.46,4,0.017,59.2,0.95,32.9,2,0,0
8.74,4,0.011,12.1,0.98,26.7,5,2,0
22.12,0,0.911,4167.2,0.17,6487.4,179,19,1
13.06,3,0.022,0.1,0.95,15.1,8,1,0
15.57,2,0.013,5.3,0.96,9.0,5,0,0
15.91,3,0.053,5.8,0.94,72.1,6,0,0
22.12,4,0.895,9808.7,0.22,841.7,131,6,1
10.24,3,0.025,2.6,0.97,43.3,4,1,0
15.28,0,0.02,6.5,0.9,12.9,5,1,0
12.43,3,0.002,29.7,0.97,57.8,7,0,0
9.01,2,0.004,1.6,0.99,5.1,2,0,0
14.9,4,0.009,1.4,0.92,13.6,7,0,0
9.41,4,0.119,2.3,0.93,25.7,1,0,0
9.62,4,0.078,8.8,0.97,2.0,7,0,0
14.26,6,0.03,11.4,0.87,13.0,6,0,0
9.25,0,0.08,9.9,0.92,8.8,5,0,0
20.0,3,0.017,0.8,0.86,8.7,2,0,0
10.84,0,0.028,2.4,0.99,15.0,3,0,0
9.81,0,0.081,10.4,0.86,5.0,4,0,0
11.56,2,0.049,4.0,0.87,22.8,6,0,0
9.94,1,0.008,13.7,0.89,43.3,4,0,0
12.3,1,0.06,10.7,0.94,17.9,4,0,0
9.32,4,0.035,2.7,0.83,13.1,1,0,0
10.61,5,0.057,4.0,0.81,13.8,5,0,0
11.19,2,0.08,16.8,0.87,30.1,4,0,0
22.12,5,0.733,4958.8,0.16,2945.5,86,14,1
22.12,6,0.763,8323.4,0.17,444.1,77,13,1
13.51,3,0.013,0.6,0.87,8.6,1,2,0
12.96,4,0.043,16.9,0.94,22.7,3,0,0
14.51,1,0.041,15.1,0.95,17.0,4,0,0
17.73,1,0.015,12.6,0.93,22.5,5,0,0
17.09,1,0.023,0.6,0.86,41.4,3,0,0
16.64,2,0.003,2.9,0.99,41.5,6,0,0
16.1,1,0.104,12.6,0.9,5.4,2,0,0
7.12,2,0.015,1.9,0.94,37.7,2,0,0
11.66,3,0.027,21.4,0.95,14.7,7,0,0
22.12,1,0.524,8889.1,0.13,5929.7,191,3,1
12.86,4,0.014,2.4,0.91,30.7,15,0,0
8.25,3,0.035,4.6,0.92,24.6,7,0,0
13.86,6,0.045,11.7,0.92,34.4,4,0,0
17.59,0,0.057,16.5,0.94,7.7,3,0,0
10.64,4,0.032,14.0,0.98,14.2,4,0,0
13.59,3,0.192,14.9,0.99,24.8,4,0,0
10.87,3,0.041,3.7,0.98,10.4,6,0,0
10.74,0,0.006,1.7,0.96,14.7,6,0,0
7.0,3,0.059,19.2,0.98,19.0,7,0,0
15.95,2,0.01,1.3,0.96,22.2,3,0,0
9.78,3,0.038,0.7,0.92,30.5,7,0,0
22.12,2,0.613,9801.5,0.1,1298.9,86,18,1
17.8,0,0.06,2.9,0.99,7.8,6,0,0
9.96,0,0.05,4.4,0.97,11.2,2,0,0
22.12,2,0.845,1546.4,0.13,7978.3,162,15,1
12.5,2,0.015,14.5,0.78,33.5,4,0,0
14.17,1,0.101,11.6,0.98,19.4,7,1,0
15.03,4,0.049,15.1,0.97,14.3,5,0,0
16.43,2,0.044,5.3,0.98,41.0,7,0,0
14.87,3,0.007,14.7,0.92,11.9,4,0,0
12.76,4,0.001,22.8,0.98,6.7,7,1,0
16.2,3,0.089,14.8,0.83,13.3,1,0,0
14.28,0,0.028,10.7,0.97,19.4,1,0,0
13.53,2,0.006,7.9,0.93,29.4,2,0,0
14.97,2,0.012,14.6,0.91,8.1,8,0,0
14.41,1,0.015,3.6,0.79,10.2,2,0,0
12.68,0,0.046,0.5,0.94,28.3,4,0,0
22.12,5,0.783,8392.3,0.23,1016.3,59,4,1
12.44,6,0.037,6.7,0.93,23.3,5,0,0
11.41,0,0.066,3.0,0.83,23.8,4,0,0
15.15,0,0.012,5.8,0.89,8.8,8,0,0
22.12,4,0.868,11654.7,0.05,4191.5,67,6,1
12.88,0,0.04,30.3,0.92,29.2,7,1,0
12.16,3,0.016,13.2,0.98,21.4,2,0,0
14.31,2,0.074,3.7,0.94,13.7,3,0,0
15.35,1,0.019,1.0,0.94,22.6,7,0,0
12.86,1,0.018,7.4,0.86,8.3,1,0,0
14.84,2,0.019,8.3,0.95,13.9,6,0,0
14.33,0,0.048,3.6,0.96,38.2,3,0,0
11.54,1,0.016,3.2,0.97,9.2,5,0,0
10.07,3,0.095,6.3,0.9,33.2,6,0,0
10.68,1,0.003,1.7,0.9,31.2,2,0,0
22.12,1,0.818,9795.6,0.22,6383.8,63,3,1
15.46,3,0.112,6.0,0.98,65.2,1,0,0
14.89,3,0.006,2.2,0.98,10.4,6,0,0
22.12,4,0.616,9895.9,0.16,6928.4,157,10,1
13.1,3,0.044,21.1,0.95,19.5,8,0,0
10.74,2,0.012,0.1,0.87,33.7,6,0,0
12.67,3,0.001,16.2,0.98,39.0,5,0,0
10.71,4,0.082,9.9,0.87,29.6,4,0,0
12.64,0,0.019,3.9,0.86,17.4,4,0,0
11.31,1,0.049,0.8,0.96,26.6,6,0,0
22.12,6,0.525,6706.5,0.27,5128.9,37,10,1
14.53,2,0.094,2.9,0.96,16.4,4,0,0
22.12,3,0.94,2095.4,0.22,5871.5,66,19,1
14.29,5,0.048,19.7,0.96,6.7,3,0,0
11.74,4,0.06,4.2,0.96,11.6,3,0,0
13.97,1,0.007,4.8,0.99,25.0,4,0,0
7.07,4,0.006,20.1,0.93,30.5,3,0,0
12.43,2,0.014,4.1,0.94,35.0,9,0,0
17.84,0,0.006,1.5,0.95,23.7,3,0,0
11.39,2,0.137,8.9,0.98,30.5,3,0,0
16.18,2,0.04,18.0,0.96,20.2,9,0,0
12.87,2,0.058,29.3,0.86,23.6,6,0,0
13.68,5,0.12,23.9,0.95,25.8,6,0,0
12.93,3,0.006,9.4,0.92,19.3,3,0,0
11.2,4,0.0,4.3,0.98,15.5,2,0,0
8.06,1,0.028,3.9,0.94,52.2,5,0,0
15.13,5,0.006,9.0,0.93,47.8,5,0,0
22.12,6,0.931,9638.3,0.31,3622.1,153,9,1
7.0,0,0.062,16.7,0.96,2.4,7,2,0
12.66,1,0.031,6.0,0.82,27.2,4,0,0
13.55,1,0.054,1.4,0.94,9.4,1,0,0
12.86,3,0.001,5.0,0.84,5.6,1,0,0
8.33,0,0.008,5.7,0.94,8.9,7,0,0
7.0,0,0.02,6.3,0.88,22.9,5,0,0
11.23,1,0.024,1.0,0.96,30.9,4,0,0
15.35,4,0.006,2.1,0.87,33.2,3,0,0
19.28,2,0.085,4.7,0.93,39.4,5,0,0
12.01,2,0.048,13.3,0.85,41.6,7,0,0
20.0,3,0.005,23.1,0.96,4.1,5,0,0
13.72,1,0.022,8.0,0.98,11.2,5,1,0
14.94,2,0.005,6.3,0.98,29.5,4,0,0
13.71,1,0.001,6.4,0.93,23.2,1,0,0
22.12,5,0.851,6975.4,0.13,6616.2,97,11,1
11.31,2,0.022,22.0,0.92,26.1,6,0,0
13.16,1,0.099,8.9,0.97,19.2,4,0,0
22.12,1,0.844,3644.8,0.1,4099.3,41,3,1
8.43,1,0.052,1.5,0.97,25.1,5,0,0
9.26,3,0.039,26.1,0.99,13.5,4,0,0
15.62,2,0.028,4.5,0.95,24.2,2,0,0
17.08,2,0.102,3.5,0.97,75.0,4,0,0
10.45,2,0.004,1.2,0.88,30.8,3,0,0
8.69,0,0.013,0.7,0.94,22.6,3,2,0
13.98,2,0.015,11.8,0.97,29.6,4,0,0
22.12,6,0.969,7254.7,0.16,5700.2,174,4,1
9.4,2,0.064,17.4,0.92,9.7,3,0,0
22.12,1,0.693,11522.1,0.1,5683.2,94,15,1
14.73,1,0.129,10.0,0.92,19.8,6,0,0
22.12,3,0.409,2976.9,0.21,7623.5,168,3,1
22.12,5,0.946,2417.1,0.26,1888.8,49,19,1
14.95,2,0.011,9.1,0.94,25.8,4,0,0
10.65,0,0.004,7.0,0.97,32.0,2,0,0
22.12,4,0.54,6632.8,0.3,7865.5,163,17,1
22.12,0,0.84,4567.1,0.05,7075.8,172,7,1
22.12,4,0.891,8721.9,0.12,943.2,79,16,1
14.67,4,0.008,3.9,0.9,20.5,3,0,0
9.22,0,0.035,8.8,0.78,50.6,7,0,0
16.83,0,0.035,5.4,0.9,22.3,7,1,0
10.61,0,0.008,2.1,0.96,23.0,5,0,0
13.96,4,0.042,2.6,0.88,20.7,2,0,0
18.0,0,0.067,5.4,0.98,43.8,9,0,0
12.35,4,0.018,5.5,0.98,10.7,6,0,0
14.22,0,0.048,5.1,0.88,12.2,4,0,0
16.51,3,0.009,1.1,0.99,11.4,5,0,0
14.27,1,0.009,8.5,0.92,36.5,5,1,0
13.06,5,0.014,28.5,0.93,13.6,2,0,0
22.12,1,0.875,7115.7,0.18,6835.9,113,5,1
11.31,0,0.024,10.8,0.9,14.5,5,0,0
7.68,1,0.013,2.8,0.93,34.5,5,0,0
7.87,1,0.074,13.8,0.98,16.0,3,1,0
14.61,2,0.04,3.7,0.83,45.0,5,0,0
22.12,5,0.686,1850.3,0.05,2915.2,160,7,1
14.28,3,0.042,23.4,0.94,10.7,5,0,0
16.93,1,0.001,2.5,0.99,11.8,5,0,0
7.0,1,0.037,9.6,0.96,30.7,12,0,0
14.42,3,0.006,1.6,0.91,26.1,5,0,0
12.7,0,0.029,0.1,0.91,20.3,4,0,0
12.31,4,0.106,33.2,0.84,19.5,5,0,0
14.21,1,0.05,12.6,0.94,10.5,6,0,0
22.12,3,0.484,9522.9,0.09,4166.2,129,16,1
9.79,3,0.008,5.8,0.91,14.3,1,0,0
9.52,3,0.031,11.1,0.93,7.2,6,0,0
15.4,3,0.09,11.4,0.94,41.9,3,0,0
8.22,0,0.001,8.1,0.93,24.0,3,0,0
14.65,2,0.02,3.9,0.99,34.6,6,1,0
12.03,4,0.001,1.5,0.97,13.0,6,0,0
16.56,3,0.045,2.2,0.94,19.1,8,0,0
12.78,3,0.148,21.0,0.94,13.2,5,0,0
13.67,4,0.001,2.8,0.9,52.7,5,0,0
15.65,3,0.02,11.0,0.92,52.8,2,0,0
12.16,2,0.002,9.3,0.85,38.5,2,0,0
15.75,2,0.01,0.1,0.95,9.4,1,1,0
13.1,0,0.019,7.9,0.93,13.2,8,1,0
22.12,4,0.704,9364.0,0.1,3896.7,177,18,1
20.0,3,0.098,5.7,0.89,26.7,5,1,0
7.4,2,0.008,2.9,0.92,46.4,7,0,0
18.01,3,0.035,18.5,0.84,54.3,7,0,0
11.2,4,0.003,0.6,0.86,59.1,5,0,0
10.0,0,0.004,3.2,0.98,11.7,6,1,0
14.32,4,0.02,11.8,0.9,9.9,9,0,0
14.49,0,0.092,0.5,0.94,20.0,5,0,0
9.78,1,0.006,14.2,0.86,24.4,5,0,0
14.82,0,0.018,12.2,0.89,21.5,2,1,0
14.0,1,0.009,24.7,0.93,22.2,6,0,0
18.2,1,0.116,22.6,0.9,7.2,6,0,0
13.06,1,0.104,11.5,0.91,31.3,7,0,0
17.74,0,0.004,18.1,0.89,12.3,3,0,0
17.85,0,0.075,1.2,0.93,20.4,5,0,0
11.88,3,0.026,0.2,0.9,19.7,3,0,0
13.8,1,0.032,4.5,0.98,32.7,6,0,0
10.65,3,0.015,0.6,0.96,11.3,5,0,0
22.12,6,0.766,3157.7,0.05,2461.1,42,10,1
13.17,3,0.005,0.3,0.99,7.9,4,0,0
15.93,4,0.078,4.2,0.96,49.4,13,0,0
10.3,3,0.021,28.5,0.91,14.1,4,0,0
15.66,0,0.013,5.0,0.96,28.8,6,0,0
18.74,3,0.013,51.2,0.81,21.8,4,1,0
9.8,1,0.029,20.8,0.94,22.6,5,0,0
22.12,2,0.827,9397.1,0.08,7643.8,70,8,1
13.63,0,0.021,4.4,0.9,13.0,7,0,0
16.14,1,0.031,1.9,0.94,21.1,8,0,0
22.12,0,0.865,5932.1,0.13,2456.2,102,3,1
11.06,0,0.002,20.4,0.97,20.8,7,0,0
22.12,1,0.867,3257.7,0.1,4013.4,125,3,1
10.76,0,0.015,7.6,0.97,45.4,5,0,0
22.12,4,0.933,9089.6,0.07,3318.3,171,11,1
7.0,2,0.001,0.5,0.96,29.2,5,0,0
22.12,4,0.659,7823.9,0.28,4686.1,91,6,1
15.61,2,0.005,30.9,0.95,11.4,6,0,0
12.34,4,0.006,27.5,0.94,10.3,3,0,0
12.94,0,0.004,11.5,0.96,7.4,3,0,0
14.24,0,0.008,4.8,0.93,20.1,7,0,0
11.04,4,0.003,14.1,0.94,7.4,8,0,0
22.12,2,0.916,11635.7,0.19,2358.5,108,15,1
15.08,4,0.067,7.8,0.9,23.9,5,0,0
13.27,1,0.025,14.0,0.95,11.8,2,0,0
16.32,2,0.08,6.1,0.94,6.7,2,1,0
11.08,0,0.034,2.7,0.96,41.6,7,0,0
14.24,3,0.009,2.4,0.85,64.9,3,0,0
15.28,0,0.008,1.6,0.97,29.9,4,1,0
20.0,0,0.008,10.2,0.97,19.0,2,0,0
10.64,0,0.016,1.6,0.96,30.9,6,0,0
12.62,4,0.001,37.5,0.94,31.1,5,0,0
22.12,4,0.865,3246.1,0.16,442.0,44,15,1
14.31,3,0.032,0.7,0.99,14.3,1,1,0
13.32,4,0.006,14.1,0.92,7.1,7,0,0
9.46,0,0.116,11.4,0.95,24.7,6,1,0
14.1,4,0.013,28.3,0.93,5.6,10,1,0
13.8,4,0.084,5.8,0.89,19.8,5,0,0
16.48,3,0.043,2.3,0.92,28.7,4,0,0
12.08,4,0.043,2.3,0.89,42.9,8,1,0
10.06,4,0.004,0.3,0.96,10.3,4,0,0
17.85,3,0.001,2.3,0.96,16.7,4,0,0
11.84,3,0.103,2.0,0.93,5.0,8,0,0
11.74,2,0.0,2.3,0.88,12.7,6,0,0
11.35,0,0.015,38.0,0.92,32.9,7,0,0
8.07,4,0.036,3.4,0.95,14.4,3,0,0
10.55,0,0.04,0.9,0.96,8.2,2,0,0
13.52,1,0.019,7.1,0.91,16.8,7,0,0
15.38,2,0.011,8.5,0.92,25.1,4,0,0
14.75,6,0.028,14.9,0.86,31.9,3,0,0
22.12,4,0.807,8516.7,0.29,2542.8,172,18,1
15.16,0,0.035,26.3,0.91,29.1,3,0,0
8.96,3,0.14,11.5,0.96,38.7,4,0,0
12.26,4,0.039,5.1,0.97,15.3,3,0,0
14.52,3,0.209,5.5,0.91,28.9,5,0,0
14.56,3,0.008,5.0,0.93,44.3,5,0,0
12.62,0,0.017,9.2,0.9,14.3,6,1,0
15.1,0,0.027,8.4,0.92,20.1,1,0,0
22.12,3,0.821,8192.2,0.11,3923.4,171,13,1
19.22,0,0.019,14.3,0.95,31.4,4,0,0
10.92,0,0.026,12.3,0.94,18.5,5,0,0
11.37,5,0.027,8.7,0.95,47.9,5,0,0
12.89,3,0.016,16.7,0.96,24.9,7,1,0
10.28,3,0.025,46.8,0.98,21.6,5,1,0
12.76,2,0.017,8.7,0.91,36.6,7,0,0
22.12,1,0.864,5129.0,0.08,509.9,105,19,1
22.12,2,0.764,5698.7,0.24,5213.4,148,15,1
10.13,4,0.054,11.3,0.98,34.1,8,0,0
19.3,5,0.001,1.3,0.92,22.4,3,0,0
13.42,0,0.044,1.2,0.89,20.3,3,0,0
11.46,2,0.026,4.9,0.97,26.0,8,0,0
12.75,4,0.014,28.0,0.98,20.9,8,0,0
22.12,3,0.835,5396.4,0.22,2548.6,192,9,1
11.34,0,0.007,18.5,0.91,28.6,4,0,0
13.84,0,0.052,2.6,0.95,75.0,7,1,0
12.8,3,0.02,17.0,0.82,2.7,2,0,0
12.0,3,0.015,0.0,0.87,15.5,3,0,0
13.59,5,0.007,53.4,0.86,20.3,8,0,0
11.69,1,0.03,0.2,0.88,17.6,6,0,0
11.54,4,0.105,5.6,0.86,34.5,10,0,0
14.87,0,0.001,9.5,0.94,25.2,5,0,0
13.55,1,0.019,29.3,0.97,33.1,7,0,0
7.0,3,0.014,20.5,0.87,67.1,5,0,0
7.0,2,0.042,7.0,0.94,24.1,3,0,0
16.79,3,0.054,2.8,0.85,21.4,5,0,0
13.78,3,0.009,0.0,0.95,15.7,4,0,0
17.47,3,0.033,17.6,0.85,36.3,8,0,0
16.11,0,0.065,2.0,0.87,15.6,3,0,0
13.08,1,0.011,14.9,0.96,13.7,5,1,0
13.67,1,0.005,18.3,0.96,14.7,5,0,0
22.12,3,0.763,5956.8,0.24,7113.5,156,17,1
12.22,3,0.092,13.7,0.94,50.1,2,1,0
14.02,2,0.023,1.6,0.96,9.8,5,0,0
8.22,4,0.064,7.9,0.96,25.4,5,1,0
15.48,1,0.042,24.0,0.91,8.1,5,0,0
8.18,1,0.018,2.1,0.9,18.4,4,1,0
14.57,0,0.01,8.4,0.91,19.0,5,0,0
22.12,1,0.746,7810.8,0.12,5305.2,71,12,1
12.09,0,0.09,1.5,0.94,11.2,6,0,0
16.52,2,0.151,5.4,0.97,8.6,9,1,0
9.06,2,0.038,6.3,0.92,12.5,3,0,0
9.76,3,0.002,3.3,0.94,20.8,4,1,0
13.25,4,0.104,3.6,0.86,17.5,8,0,0
14.1,5,0.007,6.8,0.94,19.6,4,1,0
16.91,1,0.139,4.7,0.86,25.5,5,0,0
10.97,2,0.009,12.3,0.93,17.2,12,1,0
22.12,3,0.867,4993.4,0.2,4329.1,56,18,1
10.82,1,0.002,14.2,0.85,17.3,5,0,0
22.12,3,0.534,11145.9,0.28,5357.5,122,7,1
13.72,2,0.004,0.4,0.92,30.9,6,0,0
16.15,4,0.063,16.6,0.96,15.9,1,0,0
7.95,3,0.017,4.8,0.91,51.5,2,0,0
22.12,6,0.905,11041.6,0.11,3775.3,126,12,1
9.92,0,0.005,0.9,0.95,46.6,7,0,0
9.87,4,0.004,16.3,0.95,31.2,2,0,0
12.6,4,0.074,22.2,0.88,10.6,6,0,0
13.14,3,0.014,4.8,0.91,43.9,6,1,0
11.41,1,0.009,4.4,0.83,5.8,5,0,0
17.6,2,0.053,5.6,0.97,23.4,5,2,0
18.99,3,0.024,10.8,0.99,28.7,4,0,0
18.09,3,0.066,3.1,0.82,27.4,7,0,0
18.69,6,0.002,7.0,0.96,11.3,2,0,0
13.59,5,0.019,8.6,0.8,12.1,5,0,0
11.71,3,0.012,9.0,0.97,20.5,6,1,0
12.92,4,0.014,1.7,0.98,37.3,5,0,0
9.55,2,0.071,9.3,0.94,28.3,5,0,0
13.58,0,0.0,8.2,0.82,3.0,5,0,0
13.58,3,0.038,5.0,0.99,24.5,5,0,0
15.76,0,0.1,4.8,0.96,22.0,2,0,0
10.45,2,0.017,2.1,1.0,14.0,6,0,0
12.21,0,0.008,11.9,0.94,23.0,3,0,0
14.92,3,0.023,19.5,0.91,37.4,2,0,0
7.92,2,0.015,26.8,0.92,9.4,5,1,0
14.05,1,0.016,3.6,0.9,28.4,6,0,0
18.05,0,0.022,1.1,0.96,53.7,5,0,0
9.83,2,0.096,6.9,0.93,20.5,3,0,0
15.69,2,0.003,5.7,0.87,61.9,6,0,0
22.12,3,0.878,7135.5,0.19,4853.7,103,11,1
18.48,4,0.019,3.5,0.88,10.1,5,0,0
13.51,0,0.006,11.2,0.93,22.2,6,1,0
13.35,2,0.046,2.7,0.92,27.3,4,0,0
14.77,3,0.043,21.5,0.74,24.1,5,0,0
22.12,2,0.612,4776.4,0.55,4865.2,63,7,1
14.97,1,0.022,0.2,0.91,17.5,3,1,0
17.27,1,0.004,11.1,0.87,29.2,6,0,0
10.24,6,0.012,4.4,0.96,28.0,2,0,0
17.49,0,0.003,22.2,0.92,13.2,7,0,0
17.84,0,0.012,6.3,0.91,28.7,4,0,0
11.2,3,0.015,0.2,0.9,54.8,6,0,0
12.9,0,0.088,7.6,0.98,36.8,1,0,0
13.78,2,0.007,33.9,0.95,12.5,4,0,0
22.12,0,0.83,11473.4,0.1,7409.0,157,10,1
10.42,2,0.003,6.2,0.93,51.6,4,0,0
10.88,1,0.004,22.8,0.98,28.3,3,1,0
15.98,2,0.001,9.1,0.98,15.3,4,0,0
17.6,2,0.046,4.1,0.91,48.3,4,0,0
19.47,0,0.071,12.9,0.92,23.9,7,2,0
14.61,2,0.065,0.6,0.96,23.0,3,0,0
7.0,5,0.054,14.7,0.99,16.5,4,0,0
12.53,0,0.095,12.6,0.9,28.9,6,0,0
7.99,0,0.012,7.8,0.95,35.1,1,0,0
13.88,2,0.049,19.0,0.85,3.4,6,0,0
12.74,1,0.031,0.9,0.93,10.4,2,1,0
14.79,0,0.008,0.8,0.93,34.5,4,0,0
13.92,2,0.004,13.1,0.96,39.9,5,0,0
14.42,4,0.019,11.3,0.92,23.5,1,0,0
22.12,0,0.816,3392.1,0.15,2173.1,152,12,1
7.0,5,0.047,7.0,0.91,20.4,3,0,0
13.99,1,0.011,9.9,0.96,20.1,4,0,0
17.59,0,0.056,0.2,0.95,10.0,7,0,0
17.18,5,0.001,1.8,0.95,24.8,10,0,0
9.12,5,0.108,10.4,0.97,17.7,5,0,0
14.44,4,0.01,2.9,0.95,22.5,4,0,0
10.73,1,0.0,5.9,0.9,12.0,7,0,0
17.68,2,0.013,6.2,0.95,8.6,5,0,0
22.12,5,0.983,11362.2,0.14,4094.1,151,19,1
22.12,5,0.647,10509.6,0.2,2016.7,180,4,1
9.92,2,0.001,6.3,0.92,11.0,2,0,0
11.31,1,0.022,27.0,0.8,3.7,4,0,0
22.12,4,0.765,10686.8,0.07,2146.4,106,19,1
8.33,2,0.015,22.0,0.95,9.6,4,1,0
13.57,4,0.012,16.5,0.97,13.6,2,0,0
12.07,0,0.004,9.5,0.98,22.9,2,0,0
12.07,0,0.014,13.8,0.93,16.6,10,0,0
11.36,1,0.033,1.8,0.95,46.4,5,0,0
22.12,5,0.788,8814.9,0.07,3276.5,103,11,1
9.46,3,0.006,0.9,0.89,14.8,3,0,0
10.23,1,0.005,12.7,0.97,20.3,2,0,0
11.43,0,0.018,28.6,0.88,35.4,6,0,0
12.55,2,0.027,14.0,0.85,10.2,6,0,0
10.13,4,0.003,9.8,0.84,38.1,4,0,0
9.16,3,0.001,14.3,0.97,31.3,2,1,0
22.12,4,0.893,9540.5,0.19,2015.2,189,6,1
12.93,2,0.014,2.4,0.93,36.0,1,0,0
10.82,4,0.013,0.2,0.98,16.4,4,0,0
10.0,4,0.023,8.8,0.98,15.2,5,0,0
13.43,3,0.029,43.3,0.98,38.9,5,0,0
13.0,6,0.002,6.0,0.92,18.1,1,1,0
10.28,3,0.013,15.5,0.98,24.5,6,0,0
14.07,0,0.054,3.2,0.94,9.9,6,0,0
22.12,4,0.779,7906.1,0.05,6383.5,75,15,1
16.26,3,0.042,0.2,0.92,12.1,4,1,0
15.44,3,0.046,6.8,0.91,33.1,6,0,0
12.71,1,0.009,8.7,0.97,23.5,2,0,0
15.99,3,0.026,23.3,0.88,23.2,5,0,0
15.96,3,0.002,0.3,0.93,19.7,3,0,0
22.12,2,0.939,7420.7,0.1,6016.7,116,15,1
11.13,4,0.012,0.2,0.85,39.7,5,0,0
13.75,1,0.054,10.1,0.96,5.9,5,0,0
22.12,5,0.483,11263.3,0.23,3612.9,147,11,1
14.87,3,0.002,16.6,0.97,12.3,2,0,0
14.89,4,0.097,34.7,0.97,34.9,5,0,0
17.74,2,0.006,0.6,0.93,17.0,6,0,0
12.7,1,0.026,26.9,0.98,3.5,6,1,0
19.9,3,0.019,4.0,0.97,25.5,7,0,0
16.09,1,0.087,0.4,0.95,33.6,4,0,0
19.49,3,0.11,7.6,0.93,39.3,3,0,0
11.41,1,0.001,47.0,0.88,39.9,6,0,0
10.43,3,0.072,10.6,0.93,20.8,6,0,0
15.89,3,0.019,14.1,0.95,10.2,7,0,0
10.12,1,0.013,13.1,0.96,33.1,8,0,0
15.87,2,0.01,6.2,0.95,13.0,5,0,0
12.98,0,0.019,4.3,0.9,8.3,8,0,0
7.32,3,0.012,6.5,0.93,22.1,7,0,0
13.38,2,0.048,4.7,0.9,17.9,9,0,0
15.45,0,0.017,7.2,0.98,13.2,3,0,0
18.93,2,0.044,5.5,0.97,16.2,2,0,0
13.65,2,0.022,6.4,0.81,27.4,4,0,0
22.12,1,0.762,11266.1,0.32,6542.7,116,17,1
15.84,3,0.018,0.5,0.89,10.2,10,0,0
16.52,1,0.054,21.1,0.96,16.2,6,0,0
12.96,4,0.031,6.7,0.96,33.4,4,0,0
15.69,1,0.043,3.2,0.93,26.6,5,0,0
16.84,0,0.039,1.2,0.98,47.1,4,0,0
11.07,0,0.034,0.7,0.96,64.8,5,0,0
15.99,5,0.023,5.1,0.91,13.8,7,0,0
8.56,4,0.029,0.6,0.86,22.5,7,0,0
22.12,5,0.974,7868.7,0.18,4400.3,199,5,1
16.29,0,0.027,0.9,0.9,17.9,5,1,0
9.79,2,0.081,5.3,0.98,16.1,6,0,0
11.85,4,0.013,3.0,0.82,18.4,6,0,0
15.37,3,0.038,13.5,0.94,17.2,5,0,0
7.37,1,0.059,26.3,0.97,28.9,6,1,0
7.0,3,0.004,19.1,0.97,18.0,5,0,0
13.87,2,0.031,7.6,0.96,28.9,6,0,0
15.96,3,0.068,10.0,1.0,64.8,3,0,0
22.12,4,0.656,8744.0,0.27,1455.3,98,9,1
9.99,2,0.049,1.1,0.98,25.4,3,0,0
16.35,2,0.029,4.6,0.87,11.8,7,0,0
16.38,0,0.054,12.5,0.96,32.0,9,0,0
11.07,1,0.023,11.1,0.96,28.2,4,0,0
11.71,4,0.007,8.8,0.79,49.1,4,0,0
15.0,4,0.005,27.8,0.91,14.3,3,0,0
14.78,3,0.02,5.6,0.95,70.7,5,0,0
22.12,3,0.937,2528.5,0.16,679.8,130,14,1
15.75,4,0.004,1.7,0.92,28.2,3,0,0
15.16,0,0.003,3.1,0.9,45.2,5,2,0
22.12,2,0.52,9739.5,0.3,4428.9,155,3,1
11.88,0,0.005,3.1,0.88,17.4,4,0,0
12.26,4,0.045,0.3,0.99,22.6,2,0,0
13.09,2,0.026,1.4,0.94,23.8,6,0,0
10.0,5,0.031,21.2,0.96,16.2,2,0,0
16.09,5,0.018,5.7,0.84,60.2,9,0,0
8.43,0,0.06,3.8,0.93,13.0,6,0,0
14.52,4,0.003,6.6,0.96,19.0,3,0,0
11.49,1,0.004,1.4,1.0,9.7,5,1,0
22.12,6,0.742,5591.4,0.1,4158.9,180,18,1
9.22,3,0.004,10.4,0.98,21.3,6,0,0
14.47,2,0.017,6.0,0.91,11.0,7,0,0
9.33,3,0.001,18.5,0.88,26.2,5,0,0
20.0,2,0.005,14.2,0.94,59.3,8,0,0
22.12,4,0.953,5522.7,0.13,3813.6,176,9,1
15.63,3,0.007,0.6,0.89,9.8,10,0,0
18.73,4,0.007,2.1,0.94,27.6,3,0,0
22.12,3,0.809,9462.2,0.07,2258.9,121,11,1
11.39,5,0.014,12.4,0.95,12.2,8,0,0
13.67,6,0.055,6.7,0.98,23.1,2,0,0
11.9,0,0.07,1.4,0.83,13.3,8,0,0
10.43,1,0.001,9.5,0.93,27.7,8,0,0
11.12,3,0.008,5.5,0.97,16.1,5,2,0
13.94,1,0.015,1.5,0.95,5.8,9,0,0
16.24,1,0.039,3.6,0.92,39.1,4,2,0
14.76,0,0.022,15.8,0.95,32.3,1,0,0
9.29,1,0.025,10.6,0.96,33.0,4,0,0
7.14,0,0.003,13.2,0.91,36.4,5,0,0
22.12,5,0.799,8461.4,0.07,7678.1,161,9,1
16.18,0,0.011,0.4,0.95,38.8,7,0,0
9.37,0,0.009,7.9,0.93,23.7,3,0,0
16.38,4,0.011,0.7,0.99,13.3,2,0,0
16.27,1,0.022,33.7,0.99,17.6,6,0,0
18.56,0,0.024,12.5,0.94,45.1,3,0,0
13.01,1,0.017,9.5,0.97,21.1,7,0,0
8.96,0,0.013,2.2,0.88,8.7,4,0,0
14.06,4,0.127,4.8,0.82,24.0,2,0,0
7.6,3,0.022,10.2,0.97,27.7,7,0,0
10.58,3,0.019,7.4,0.88,37.9,7,1,0
12.05,4,0.02,0.5,0.97,9.5,5,0,0
13.08,0,0.019,8.4,0.94,51.0,3,0,0
16.07,6,0.062,15.4,0.96,8.9,3,2,0
22.12,5,0.936,3432.2,0.13,2582.1,43,15,1
13.64,2,0.007,5.6,0.92,49.3,6,0,0
16.47,2,0.005,1.2,0.9,16.6,5,0,0
13.87,1,0.016,2.1,0.96,20.2,3,0,0
11.18,3,0.005,6.3,0.98,36.1,3,0,0
10.19,2,0.033,3.4,0.98,24.7,2,0,0
16.09,0,0.012,1.0,0.98,16.0,4,0,0
22.12,5,0.803,2544.4,0.15,1180.8,89,8,1
13.73,4,0.082,0.9,0.97,2.4,7,0,0
11.94,1,0.003,10.4,0.95,36.4,9,0,0
9.04,2,0.012,16.0,0.97,43.7,7,0,0
11.02,2,0.043,4.2,0.95,75.0,3,0,0
9.63,1,0.006,7.9,0.94,6.7,3,0,0
9.84,2,0.022,5.8,0.95,16.8,4,1,0
11.09,4,0.035,13.5,0.98,14.0,8,0,0
10.97,2,0.017,8.2,0.92,22.5,3,0,0
13.23,0,0.033,2.1,0.88,48.9,2,2,0
15.61,4,0.07,0.5,0.98,31.7,5,0,0
14.34,4,0.013,4.8,0.92,24.2,4,0,0
10.86,6,0.065,0.7,0.97,15.8,6,0,0
13.32,2,0.064,3.4,0.98,8.6,5,0,0
11.36,1,0.098,9.9,0.97,21.9,2,0,0
13.18,3,0.047,0.3,0.99,12.2,7,0,0
14.26,1,0.005,3.4,0.9,20.7,4,0,0
13.26,3,0.007,4.4,0.8,24.1,4,0,0
13.04,1,0.023,2.0,0.96,14.6,4,0,0
22.12,4,0.903,3034.2,0.08,7094.6,44,17,1
10.58,1,0.004,0.5,0.87,9.1,7,1,0
11.88,2,0.001,2.9,0.95,19.3,2,1,0
22.12,6,0.715,6964.0,0.2,5997.7,155,12,1
14.63,1,0.017,7.4,0.97,36.8,7,1,0
11.37,3,0.007,17.9,0.92,15.3,6,0,0
22.12,5,0.844,9950.8,0.11,3518.2,83,3,1
22.12,4,0.963,3268.6,0.22,6369.0,133,13,1
16.61,5,0.046,11.7,0.99,15.9,1,0,0
8.49,2,0.108,3.4,0.97,6.0,2,0,0
18.38,1,0.057,3.0,0.95,12.1,11,1,0
22.12,2,0.783,11423.5,0.21,6544.9,122,15,1
13.73,1,0.085,29.0,0.98,47.8,2,0,0
22.12,3,0.64,7431.0,0.11,1009.7,173,3,1
10.37,0,0.008,14.3,0.83,10.4,4,0,0
8.66,2,0.009,36.3,0.95,21.6,6,0,0
16.73,5,0.018,4.3,0.95,21.4,3,0,0
22.12,2,0.631,9806.2,0.11,449.1,175,6,1
11.47,1,0.01,5.8,0.99,63.4,7,0,0
7.0,1,0.06,57.2,0.98,8.7,7,2,0
13.45,1,0.022,6.8,0.97,36.8,6,0,0
13.06,0,0.002,8.1,0.88,25.4,9,0,0
13.74,5,0.058,16.8,0.93,30.2,3,0,0
8.95,6,0.039,17.3,0.71,28.0,1,0,0
14.28,1,0.0,0.1,0.84,15.5,4,0,0
15.6,4,0.015,25.8,0.94,18.1,8,0,0
11.48,0,0.075,12.6,0.97,18.3,4,0,0
9.73,2,0.022,6.6,0.93,26.7,8,1,0
9.94,2,0.009,9.6,0.98,27.3,10,0,0
12.22,4,0.001,0.7,0.91,28.6,5,0,0
22.12,6,0.698,7667.9,0.23,2423.0,159,5,1
15.48,2,0.004,17.8,0.92,3.6,3,0,0
15.02,6,0.012,10.7,0.9,13.8,6,0,0
22.12,6,0.842,10237.8,0.3,527.5,177,10,1
14.92,1,0.014,6.0,0.95,26.2,2,0,0
12.36,1,0.01,3.5,0.93,21.5,1,0,0
12.88,0,0.066,0.3,0.97,34.8,2,0,0
14.7,2,0.028,3.4,0.95,20.0,1,0,0
11.28,2,0.015,4.5,0.95,26.9,7,0,0
20.0,2,0.018,11.7,0.95,20.6,4,0,0
11.49,6,0.027,0.3,0.92,15.1,3,1,0
13.07,2,0.023,23.3,0.96,14.8,4,0,0
7.0,2,0.03,4.8,0.84,11.6,7,0,0
13.58,3,0.027,15.1,0.95,55.1,4,0,0
16.0,0,0.042,4.0,0.94,11.6,7,0,0
18.18,3,0.021,11.4,0.97,14.7,8,0,0
11.66,4,0.034,12.6,0.96,30.3,9,1,0
10.1,4,0.011,0.1,0.99,18.8,2,0,0
22.12,1,0.958,1858.4,0.25,3537.3,41,12,1
22.12,6,0.737,6313.5,0.07,6469.5,120,19,1
14.28,4,0.012,24.9,0.96,18.1,4,0,0
22.12,0,0.88,6728.5,0.43,404.3,104,14,1
13.31,6,0.015,1.7,0.96,20.7,1,0,0
7.0,4,0.054,0.5,0.96,22.9,5,0,0
13.59,2,0.029,1.5,0.94,53.6,5,0,0
12.52,2,0.018,5.5,0.98,19.5,6,0,0
13.92,1,0.017,2.5,0.92,31.2,4,0,0
12.78,1,0.149,0.7,0.89,10.6,6,0,0
16.0,3,0.083,0.3,0.92,27.8,8,0,0
13.17,3,0.022,2.7,0.89,21.5,8,0,0
13.21,0,0.025,13.9,0.92,35.7,2,0,0
22.12,6,0.787,7582.6,0.05,5987.4,157,11,1
14.48,2,0.018,7.2,0.94,20.7,3,0,0
15.34,6,0.008,0.2,0.97,29.3,4,0,0
10.93,2,0.076,12.0,0.87,21.5,5,0,0
16.3,1,0.057,0.2,0.98,17.8,1,0,0
14.61,1,0.016,24.2,0.95,20.6,7,0,0
12.33,2,0.001,3.8,0.86,14.3,4,0,0
9.01,3,0.035,7.5,0.93,56.7,5,1,0
17.33,2,0.079,6.6,0.98,31.3,3,0,0
22.12,1,0.724,10202.9,0.07,1242.0,184,18,1
10.03,1,0.088,29.9,0.98,26.6,5,0,0
13.9,1,0.007,3.9,0.99,33.9,5,1,0
11.94,2,0.022,15.2,0.98,16.9,3,0,0
11.92,4,0.01,2.1,0.87,39.5,1,1,0
11.26,2,0.021,3.2,0.94,7.7,9,0,0
15.8,0,0.026,30.7,0.91,21.3,6,0,0
14.91,0,0.012,3.1,0.85,30.1,3,0,0
9.99,3,0.041,0.4,0.96,22.7,5,0,0
11.06,2,0.016,14.7,0.95,10.5,6,0,0
11.8,2,0.129,20.5,0.92,14.9,4,0,0
11.43,3,0.029,2.7,0.93,24.9,6,1,0
11.43,5,0.052,9.4,0.92,57.3,3,0,0
22.12,0,0.658,6825.8,0.05,7685.3,115,5,1
10.13,0,0.035,35.2,0.97,29.1,8,0,0
22.12,5,0.897,9287.8,0.05,4210.6,170,14,1
12.99,2,0.004,17.6,0.97,14.9,8,0,0
20.0,1,0.092,18.5,0.8,25.7,6,0,0
22.12,0,0.718,7646.7,0.42,5884.7,190,11,1
9.8,4,0.042,4.6,0.79,10.4,5,0,0
13.68,1,0.005,5.5,0.88,17.6,3,0,0
12.29,3,0.043,2.1,0.97,25.3,6,0,0
15.66,1,0.021,2.0,0.88,31.7,4,0,0
12.67,0,0.119,0.7,0.98,38.0,4,1,0
22.12,5,0.726,10572.5,0.12,3949.6,59,10,1
13.7,1,0.017,24.6,0.93,51.1,8,0,0
13.79,2,0.022,10.4,0.97,16.8,2,0,0
13.2,2,0.031,1.9,0.99,34.8,3,0,0
12.71,4,0.041,2.6,0.9,24.5,3,0,0
22.12,0,0.869,2728.8,0.29,3262.8,164,8,1
11.61,2,0.005,12.2,0.94,56.7,4,0,0
14.65,3,0.003,0.6,0.94,15.1,7,0,0
11.16,5,0.027,4.5,0.9,8.5,5,0,0
9.17,6,0.059,7.2,0.93,51.0,9,0,0
22.12,1,0.778,9716.7,0.07,3367.8,149,15,1
11.82,4,0.008,7.8,0.95,36.6,5,0,0
11.49,3,0.019,5.6,0.84,20.3,5,0,0
15.09,2,0.072,2.4,0.98,46.4,7,0,0
9.56,2,0.026,0.3,0.94,45.3,3,1,0
11.6,0,0.003,3.3,0.95,28.8,6,1,0
22.12,4,0.887,6911.7,0.12,7016.4,91,8,1
8.01,0,0.013,8.5,0.88,28.6,5,0,0
9.98,0,0.007,32.0,0.98,21.0,6,0,0
14.5,0,0.097,9.5,0.99,7.9,3,0,0
12.25,1,0.033,13.6,0.93,9.3,6,0,0
14.18,4,0.053,3.8,0.94,34.9,6,0,0
12.28,3,0.013,6.3,0.98,7.9,4,0,0
16.32,0,0.011,7.3,0.9,30.9,6,1,0
13.2,4,0.062,3.7,0.94,37.9,4,0,0
13.4,2,0.023,22.1,0.87,19.6,4,0,0
22.12,3,0.619,3861.8,0.07,5820.9,103,12,1
13.93,0,0.002,7.2,0.94,26.8,6,0,0
20.0,1,0.062,6.5,0.88,13.4,9,0,0
13.55,1,0.025,4.6,0.93,27.3,3,0,0
15.61,5,0.019,8.5,0.94,73.2,4,0,0
15.65,1,0.02,13.7,0.98,37.3,6,0,0
11.17,2,0.054,9.0,0.92,33.6,1,0,0
13.37,1,0.006,12.0,0.96,30.8,4,0,0
14.64,2,0.017,6.8,0.98,38.1,1,0,0
22.12,4,0.963,5762.7,0.07,6148.0,108,15,1
14.78,4,0.072,0.5,0.96,21.5,1,0,0
11.45,1,0.027,1.6,0.97,11.3,4,0,0
10.35,3,0.004,23.9,0.84,19.5,4,0,0
22.12,3,0.415,5273.6,0.18,4337.4,45,12,1
13.7,3,0.021,2.2,0.89,17.3,5,1,0
22.12,0,0.878,11593.5,0.17,4389.3,113,15,1
22.12,0,0.939,2877.7,0.21,5673.6,130,15,1
14.96,4,0.083,3.4,0.89,23.4,6,0,0
11.58,1,0.015,34.5,0.94,9.7,4,0,0
13.39,0,0.001,6.1,0.96,22.6,2,0,0
11.17,4,0.145,4.4,0.77,16.4,4,0,0
22.12,0,0.624,1892.7,0.13,4219.3,38,7,1
13.23,1,0.007,16.4,0.89,7.0,5,0,0
11.13,2,0.009,2.5,0.93,44.7,5,0,0
22.12,4,0.695,5867.6,0.21,5226.8,84,11,1
13.21,2,0.014,6.4,0.95,37.9,5,0,0
12.1,0,0.015,26.0,0.84,38.3,7,0,0
11.03,0,0.143,3.3,0.94,35.8,7,0,0
13.51,0,0.003,19.8,0.96,55.1,4,0,0
13.03,2,0.032,4.2,0.96,21.5,9,0,0
18.33,0,0.048,22.3,0.98,10.3,6,0,0
14.26,0,0.012,9.1,0.95,60.1,5,0,0
11.84,0,0.007,3.9,0.94,42.5,8,0,0
8.88,2,0.001,27.9,0.88,14.8,5,0,0
10.99,2,0.001,39.1,0.9,46.5,5,2,0
12.44,6,0.027,8.4,0.9,25.8,3,0,0
22.12,2,0.649,4062.6,0.23,1100.4,199,9,1
12.77,1,0.0,4.9,0.96,26.2,3,0,0
10.7,0,0.015,21.7,0.96,10.3,5,0,0
9.42,3,0.014,5.0,0.96,75.0,5,0,0
10.97,6,0.028,42.3,0.97,36.1,6,1,0
17.53,3,0.052,7.5,0.92,17.9,2,0,0
22.12,0,0.822,10272.2,0.13,3969.3,104,6,1
11.55,0,0.017,4.5,0.94,35.9,3,0,0
13.6,2,0.007,3.2,0.96,41.7,5,0,0
22.12,6,0.64,6524.5,0.17,3179.6,146,4,1
11.97,4,0.001,20.9,0.88,11.4,5,0,0
14.21,0,0.058,9.6,0.98,33.0,7,1,0
19.27,1,0.005,26.7,0.97,34.7,11,0,0
14.31,3,0.002,0.7,0.93,2.8,5,0,0
13.29,1,0.009,1.9,0.87,29.8,5,0,0
16.45,4,0.018,6.1,0.98,43.7,7,0,0
12.3,4,0.0,0.5,0.92,11.7,3,0,0
15.55,3,0.032,0.5,0.93,43.3,6,0,0
10.23,0,0.034,5.7,0.96,33.8,5,0,0
13.81,0,0.031,20.8,0.93,27.5,6,0,0
10.22,1,0.025,17.9,0.95,24.2,5,0,0
16.64,1,0.03,10.4,0.93,32.6,5,0,0
7.69,1,0.01,0.5,0.96,7.6,5,0,0
14.33,0,0.045,4.1,0.99,8.9,11,0,0
11.82,0,0.011,0.4,0.94,17.3,8,1,0
18.4,1,0.07,0.7,0.96,74.1,6,0,0
15.44,0,0.077,3.6,0.93,9.0,3,0,0
11.14,3,0.121,8.4,0.94,19.1,7,0,0
12.7,4,0.031,0.6,0.96,13.9,2,0,0
8.93,2,0.042,2.4,0.96,18.6,4,0,0
12.61,2,0.083,21.8,0.93,31.1,2,0,0
9.68,2,0.079,5.9,0.96,48.1,4,0,0
17.65,1,0.008,11.5,0.95,14.4,5,0,0
14.37,1,0.035,15.4,0.91,24.0,6,0,0
14.18,0,0.016,4.6,0.92,21.1,4,0,0
13.18,4,0.008,5.7,0.89,8.6,4,0,0
8.02,4,0.027,4.0,0.92,36.1,1,0,0
11.58,0,0.021,5.6,0.95,27.6,3,0,0
15.23,2,0.023,6.3,0.94,36.8,6,0,0
16.37,0,0.036,9.9,0.97,12.0,6,0,0
22.12,6,0.957,4969.3,0.14,754.3,161,12,1
11.25,0,0.001,3.1,0.96,53.8,4,0,0
15.55,5,0.003,0.4,0.9,28.9,5,0,0
16.87,0,0.067,0.3,0.99,17.6,9,0,0
22.12,3,0.831,3905.3,0.12,3569.1,108,10,1
13.87,0,0.002,2.3,0.84,14.9,8,0,0
9.26,2,0.008,43.4,0.97,27.5,2,0,0
11.26,2,0.003,3.4,0.79,17.1,6,0,0
8.42,0,0.004,4.2,0.92,26.7,4,0,0
13.83,4,0.009,8.3,0.96,41.3,4,0,0
15.56,4,0.032,1.1,0.96,27.7,4,0,0
9.49,1,0.023,5.5,0.91,25.8,10,1,0
12.18,4,0.069,3.1,0.88,22.1,8,0,0
9.68,5,0.07,0.0,0.98,32.8,7,0,0
17.57,3,0.012,12.2,0.95,20.5,6,0,0
7.0,1,0.026,10.3,0.94,24.1,7,0,0
17.12,4,0.047,11.6,0.93,51.8,5,0,0
15.27,1,0.01,5.1,0.92,13.2,5,0,0
12.3,0,0.037,3.8,0.94,30.9,5,0,0
13.1,0,0.049,12.7,0.94,5.9,9,0,0
13.58,2,0.016,20.4,0.98,4.7,2,1,0
10.85,4,0.001,18.5,0.88,57.6,3,0,0
7.78,2,0.022,2.9,0.91,29.4,7,0,0
14.51,1,0.003,7.4,0.85,32.6,3,0,0
14.39,3,0.105,3.9,0.89,22.1,5,1,0
7.0,0,0.002,17.9,0.93,24.5,7,0,0
12.24,3,0.055,6.9,0.93,23.2,6,0,0
18.65,4,0.03,40.8,0.92,22.2,3,1,0
10.14,1,0.072,3.0,0.96,10.7,3,0,0
22.12,2,0.802,2473.1,0.21,6519.8,146,14,1
22.12,6,0.814,6071.0,0.11,6058.2,192,4,1
22.12,6,0.946,6635.5,0.22,1333.4,172,9,1
14.3,2,0.034,17.7,0.95,37.9,5,0,0
22.12,4,0.725,2896.8,0.13,2720.4,178,5,1
11.83,3,0.019,6.4,0.9,16.7,1,0,0
15.23,2,0.081,19.3,0.94,56.8,4,0,0
10.3,4,0.046,16.0,0.97,22.1,8,0,0
18.32,0,0.02,2.2,0.89,11.4,4,0,0
18.65,1,0.013,7.7,0.98,19.6,3,0,0
14.49,3,0.022,1.0,0.91,53.1,7,0,0
13.55,4,0.017,6.2,0.95,25.0,3,0,0
7.24,1,0.031,21.9,0.92,45.5,8,0,0
12.86,0,0.001,0.5,0.99,4.4,6,0,0
15.56,2,0.001,45.6,0.89,30.6,4,1,0
15.23,1,0.005,10.6,0.8,36.1,3,0,0
13.14,3,0.007,19.4,0.96,12.4,8,0,0
12.78,1,0.079,14.5,0.86,25.7,3,2,0
22.12,6,0.827,7291.4,0.18,3607.3,194,8,1
13.27,4,0.002,37.0,0.87,37.4,8,1,0
19.07,3,0.073,14.8,0.96,27.7,6,0,0
10.42,4,0.011,8.1,0.81,18.7,5,0,0
19.57,3,0.036,3.5,0.95,15.4,5,0,0
14.78,3,0.033,2.1,0.93,11.8,6,0,0
16.68,3,0.043,10.7,0.9,16.8,7,0,0
11.35,0,0.044,4.1,0.88,19.7,2,0,0
16.37,2,0.015,16.0,0.96,13.1,3,1,0
14.45,2,0.004,5.7,0.98,32.5,6,0,0
13.08,0,0.058,30.0,0.88,56.5,9,0,0
12.05,2,0.003,27.6,0.92,28.4,7,2,0
10.73,1,0.117,21.6,0.91,28.7,6,2,0
14.02,1,0.009,5.7,0.96,12.1,4,0,0
22.12,3,0.585,8342.9,0.11,3934.5,153,17,1
22.12,2,0.702,4270.3,0.14,1261.0,62,16,1
17.02,1,0.001,10.0,0.88,26.4,3,0,0
10.77,0,0.001,1.4,0.96,8.7,7,0,0
11.66,5,0.011,6.8,0.81,18.8,8,0,0
12.44,1,0.065,10.3,0.89,19.0,4,0,0
13.11,3,0.028,9.2,0.9,30.5,3,0,0
12.23,3,0.032,7.5,0.92,29.0,6,0,0
11.53,3,0.01,6.3,0.95,14.0,5,0,0
11.99,1,0.01,22.9,0.91,22.3,5,0,0
15.23,0,0.026,31.9,0.95,23.9,3,0,0
15.07,1,0.046,5.0,0.93,15.4,1,2,0
14.64,6,0.048,13.3,0.94,30.2,3,0,0
14.13,2,0.005,19.7,0.95,22.3,6,0,0
17.1,3,0.001,14.6,0.99,10.1,4,0,0
7.59,1,0.004,11.3,0.86,22.7,9,0,0
12.45,3,0.02,7.0,0.99,13.2,4,0,0
15.79,0,0.058,6.1,0.98,25.0,8,0,0
9.13,2,0.014,0.7,0.91,27.1,7,0,0
15.24,0,0.103,19.6,0.9,9.4,5,0,0
22.12,4,0.84,10201.2,0.06,6956.8,109,14,1
19.96,2,0.039,3.3,0.97,37.8,6,0,0
22.12,3,0.756,10439.9,0.19,6699.0,83,17,1
17.78,0,0.104,14.8,0.89,21.7,3,0,0
10.54,0,0.025,3.7,0.91,21.2,5,1,0
13.4,4,0.009,8.1,0.93,6.8,11,0,0
17.14,4,0.026,1.3,0.95,34.9,12,0,0
10.52,0,0.052,23.6,0.94,20.1,3,1,0
16.17,4,0.02,0.8,0.89,12.6,5,0,0
18.66,1,0.017,3.2,0.98,44.1,8,0,0
15.55,2,0.007,23.9,0.95,2.7,6,0,0
12.48,4,0.038,6.7,0.94,19.0,7,0,0
18.25,1,0.0,2.0,0.93,4.6,8,0,0
9.57,3,0.022,6.7,0.88,11.1,6,1,0
7.51,3,0.014,13.9,0.94,12.7,8,0,0
7.0,0,0.079,24.9,0.9,25.6,2,0,0
12.42,4,0.106,19.2,0.9,7.2,8,0,0
14.71,1,0.021,6.5,0.91,58.7,8,0,0
12.34,3,0.035,23.8,0.9,25.6,3,1,0
22.12,0,0.547,8188.8,0.05,809.2,36,12,1
17.07,2,0.005,7.8,0.96,23.5,2,0,0
16.79,0,0.029,5.6,0.85,10.5,6,0,0
14.85,2,0.01,0.4,0.86,12.3,7,0,0
11.56,2,0.098,0.6,0.95,12.8,5,0,0
22.12,5,0.962,8374.7,0.19,4968.6,102,7,1
7.0,1,0.006,28.2,0.89,24.2,9,2,0
10.89,0,0.04,7.3,0.88,8.0,5,0,0
12.24,2,0.003,2.1,0.9,22.6,3,0,0
14.27,1,0.003,50.2,0.96,18.7,7,0,0
13.34,1,0.035,16.1,0.96,38.3,3,0,0
11.69,3,0.059,1.9,0.94,21.2,8,0,0
10.52,3,0.069,20.4,0.88,52.6,2,0,0
10.55,2,0.008,10.4,0.98,25.7,11,0,0
8.49,4,0.1,0.8,0.87,46.5,10,0,0
14.05,2,0.112,7.5,0.82,17.5,4,0,0
13.69,4,0.028,11.8,0.89,32.9,6,0,0
11.27,2,0.014,6.3,0.93,14.7,5,0,0
16.84,1,0.036,0.2,0.9,30.4,5,2,0
22.12,3,0.712,1515.3,0.11,3913.8,70,11,1
12.65,4,0.008,16.9,0.94,8.5,6,0,0
13.46,0,0.024,10.1,0.95,64.6,3,0,0
8.87,6,0.002,32.6,0.93,15.8,5,0,0
13.04,3,0.046,3.1,0.97,10.3,3,0,0
14.13,4,0.052,0.4,0.86,17.9,3,0,0
14.08,1,0.028,8.3,0.97,13.4,5,0,0
17.19,3,0.008,6.4,0.94,16.1,4,0,0
13.78,0,0.09,21.2,0.9,12.0,2,0,0
15.37,1,0.041,19.5,0.91,23.7,1,0,0
12.03,0,0.054,22.9,0.91,27.6,6,0,0
12.88,5,0.026,6.1,0.97,34.4,6,0,0
12.43,0,0.086,24.6,0.96,14.9,7,0,0
15.15,3,0.061,12.7,0.98,22.2,6,0,0
10.42,2,0.002,25.3,0.97,8.6,3,0,0
9.61,1,0.01,1.1,0.96,8.4,3,0,0
14.27,2,0.033,12.2,0.93,10.1,3,0,0
11.21,2,0.047,4.2,0.95,15.9,3,1,0
14.24,4,0.003,16.8,0.84,22.2,3,1,0
18.3,0,0.049,0.4,0.89,22.3,4,0,0
16.66,3,0.03,4.6,0.93,30.2,4,0,0
7.0,2,0.076,4.4,0.97,39.2,4,0,0
14.1,4,0.009,7.4,0.99,37.1,5,0,0
8.56,2,0.01,11.6,0.97,10.0,6,0,0
17.47,2,0.009,2.4,0.91,30.8,2,0,0
14.8,4,0.001,1.9,0.97,41.8,4,0,0
22.12,2,0.776,3712.7,0.09,4652.9,150,11,1
12.47,0,0.007,15.7,0.9,19.7,5,0,0
17.51,3,0.005,1.6,0.95,20.2,4,0,0
12.94,2,0.058,2.7,0.96,11.8,4,0,0
15.31,4,0.013,3.1,0.9,54.9,6,0,0
22.12,3,0.524,2737.0,0.18,7675.2,186,13,1
22.12,2,0.834,4523.3,0.25,3884.7,182,13,1
15.91,2,0.006,1.7,0.93,23.9,8,0,0
20.0,3,0.002,15.6,0.94,16.1,8,0,0
15.85,3,0.035,5.7,0.94,32.1,4,0,0
14.9,4,0.033,45.3,0.95,37.1,4,0,0
22.12,3,0.64,5393.8,0.16,3979.1,106,8,1
15.86,1,0.0,21.5,0.87,9.9,2,0,0
8.71,2,0.008,14.8,0.97,20.6,4,0,0
15.12,0,0.001,1.7,0.91,19.3,4,0,0
9.95,4,0.046,2.7,0.91,35.3,3,0,0
8.86,1,0.018,14.8,0.9,27.9,4,0,0
11.89,5,0.064,0.7,0.89,34.3,4,2,0
14.21,2,0.084,27.4,0.93,31.7,1,0,0
12.43,1,0.001,13.7,0.79,12.6,3,0,0
14.4,3,0.012,5.7,0.77,50.3,8,0,0
13.52,1,0.015,9.9,0.91,6.9,9,0,0
14.8,1,0.033,6.9,0.96,8.7,7,0,0
22.12,6,0.936,11224.3,0.27,5605.6,142,15,1
22.12,4,0.673,9229.8,0.15,6187.2,96,5,1
22.12,2,0.935,6739.1,0.24,7621.1,130,5,1
11.46,0,0.076,2.5,0.93,13.0,9,2,0
14.33,3,0.017,4.2,0.85,24.2,8,0,0
13.34,4,0.01,44.9,0.95,51.3,4,0,0
13.62,0,0.009,32.5,0.94,22.4,4,0,0
22.12,6,0.792,6673.4,0.43,835.5,59,6,1
12.02,0,0.004,1.7,0.97,39.4,2,0,0
12.0,0,0.002,20.1,0.73,15.7,5,0,0
14.78,1,0.062,5.0,0.86,32.6,4,0,0
17.43,3,0.017,20.7,0.92,17.6,2,0,0
8.41,3,0.014,4.1,0.94,42.3,9,0,0
12.58,1,0.015,9.4,0.99,7.7,7,0,0
12.67,0,0.007,16.6,0.95,40.5,5,0,0
15.52,3,0.004,1.3,0.94,49.1,2,0,0
10.97,5,0.007,26.6,0.99,22.4,5,0,0
12.25,1,0.007,15.1,0.97,8.7,5,0,0
10.07,1,0.075,17.3,0.91,43.2,2,0,0
11.65,3,0.012,1.6,0.95,11.3,7,0,0
10.72,1,0.021,1.9,0.85,6.9,4,0,0
22.12,1,0.776,9509.2,0.17,7029.8,146,18,1
13.06,4,0.022,6.2,0.93,30.8,7,0,0
16.09,1,0.017,1.5,0.81,8.9,4,0,0
22.12,3,0.764,2690.8,0.12,7397.0,107,5,1
15.13,3,0.018,7.4,0.87,16.5,8,1,0
11.86,0,0.057,9.8,0.9,40.4,4,0,0
9.68,2,0.001,16.8,0.9,5.1,4,0,0
11.09,2,0.06,4.7,0.86,10.1,7,0,0
22.12,3,0.853,4460.8,0.14,5687.1,186,4,1
12.31,0,0.076,60.0,0.94,12.5,5,0,0
14.62,1,0.056,16.5,0.87,14.2,1,0,0
8.16,2,0.058,1.0,0.93,18.3,4,0,0
8.91,0,0.012,23.6,0.94,17.2,4,0,0
15.88,3,0.012,0.3,0.93,12.9,6,0,0
13.51,3,0.008,16.6,0.93,13.3,9,0,0
15.93,3,0.022,23.1,0.95,56.8,4,1,0
22.12,3,0.763,6911.7,0.28,1482.0,38,4,1
22.12,4,0.92,5513.2,0.19,7548.4,97,13,1
22.12,0,0.612,9843.4,0.34,5565.0,181,19,1
14.63,3,0.04,4.3,0.86,21.6,6,0,0
14.86,3,0.024,1.9,0.94,7.5,6,1,0
12.9,2,0.172,12.7,0.93,14.3,6,0,0
7.0,0,0.003,4.1,0.98,27.5,1,0,0
11.55,1,0.02,16.8,0.94,14.3,4,0,0
10.74,4,0.016,1.0,0.92,21.7,1,0,0
11.27,3,0.083,15.4,0.9,10.8,5,0,0
16.45,1,0.008,1.0,0.85,13.2,5,0,0
16.59,3,0.047,13.6,0.9,11.4,7,0,0
14.18,0,0.023,44.0,0.92,17.3,8,0,0
12.19,1,0.09,5.3,0.75,33.7,9,0,0
12.44,3,0.015,14.5,0.97,16.9,3,2,0
14.13,3,0.002,0.8,0.9,14.3,4,0,0
16.04,2,0.006,2.2,0.86,26.2,3,0,0
15.22,2,0.013,0.3,0.87,53.6,5,0,0
14.98,4,0.012,2.9,0.96,25.7,1,0,0
11.27,4,0.063,6.9,0.93,49.1,6,1,0
14.45,1,0.054,3.4,0.88,41.6,4,0,0
18.14,0,0.012,4.5,0.94,19.6,7,1,0
13.05,2,0.014,5.2,0.9,15.5,5,0,0
7.99,5,0.006,6.0,0.94,14.4,7,0,0
17.35,1,0.007,7.4,0.87,16.4,4,0,0
17.51,1,0.012,5.2,0.94,35.2,5,0,0
12.13,2,0.005,2.4,0.92,17.1,3,1,0
18.4,2,0.013,11.1,0.98,30.0,4,0,0
15.28,1,0.068,12.8,0.97,35.9,6,0,0
17.72,2,0.062,0.5,0.97,14.9,6,0,0
12.17,0,0.013,2.9,0.89,6.9,6,0,0
8.96,1,0.055,12.4,0.86,23.4,8,0,0
22.12,3,0.894,11941.9,0.13,1424.2,41,7,1
16.68,1,0.005,17.1,0.99,16.5,2,0,0
18.02,2,0.007,2.9,0.96,24.5,5,0,0
16.12,5,0.011,29.1,0.95,10.3,2,0,0
14.1,1,0.003,26.6,0.9,22.5,8,0,0
22.12,2,0.857,8338.4,0.3,654.7,164,9,1
13.99,1,0.072,3.9,0.88,12.3,5,0,0
13.54,4,0.022,13.1,0.98,17.4,2,0,0
7.02,2,0.022,18.5,0.96,19.9,5,0,0
22.12,0,0.771,3780.7,0.2,1710.7,159,3,1
7.04,3,0.051,0.5,0.92,22.5,5,0,0
13.31,3,0.003,4.8,0.96,43.9,2,0,0
16.1,3,0.004,60.0,0.86,14.0,3,1,0
9.42,4,0.048,10.3,0.87,19.3,3,0,0
11.92,4,0.095,14.1,0.94,12.9,4,0,0
22.12,2,0.95,10021.6,0.39,1470.7,36,16,1
17.93,2,0.007,1.2,0.9,47.4,4,0,0
14.42,3,0.003,13.1,0.95,21.6,6,0,0
12.11,0,0.02,9.4,0.89,35.6,4,0,0
7.0,2,0.099,1.1,0.97,7.1,1,0,0
17.7,1,0.031,5.8,0.94,40.8,5,0,0
11.91,1,0.003,8.9,0.85,37.4,3,0,0
7.69,2,0.041,6.7,0.99,16.5,2,0,0
12.12,4,0.001,17.9,0.93,22.9,7,0,0
11.05,0,0.009,2.0,0.93,26.5,3,1,0
22.12,4,0.431,3825.4,0.22,6087.0,135,10,1
8.65,0,0.019,5.8,0.95,32.9,3,0,0
12.92,3,0.061,4.8,0.94,36.4,5,0,0
16.17,1,0.018,29.2,0.94,45.8,5,0,0
15.23,4,0.005,0.9,0.96,29.1,2,0,0
17.15,2,0.05,21.3,0.95,13.7,6,1,0
11.74,3,0.026,4.9,0.94,13.4,3,0,0
22.12,4,0.553,7658.7,0.29,3140.4,74,9,1
13.97,4,0.009,4.7,0.92,19.2,3,0,0
22.12,0,0.666,11293.3,0.11,1911.1,91,14,1
22.12,6,0.799,10103.6,0.12,6547.8,133,15,1
14.65,0,0.076,6.8,0.96,27.0,6,0,0
12.19,3,0.04,8.7,0.96,12.0,8,0,0
12.77,0,0.018,2.0,0.77,29.6,3,1,0
9.02,1,0.036,4.3,0.88,19.1,2,0,0
22.12,0,0.586,6101.3,0.26,4748.3,112,15,1
14.2,0,0.032,16.0,0.95,19.1,7,1,0
13.29,3,0.018,43.0,0.94,9.9,6,1,0
22.12,1,0.646,11810.4,0.15,7883.4,43,11,1
13.12,5,0.009,0.3,0.92,41.0,1,0,0
22.12,6,0.835,8760.1,0.17,7424.0,196,12,1
17.23,1,0.005,7.7,0.91,53.7,6,0,0
16.03,4,0.02,11.9,0.9,39.7,5,0,0
13.19,1,0.034,6.5,0.96,36.4,5,0,0
10.68,2,0.114,5.5,0.76,19.6,4,1,0
13.81,4,0.043,14.6,0.9,57.0,4,0,0
14.21,5,0.005,0.5,0.92,14.5,1,0,0
8.85,2,0.045,21.1,0.92,25.5,3,0,0
16.06,6,0.034,5.0,0.98,21.2,4,0,0
17.18,4,0.001,3.9,0.97,41.4,4,0,0
13.1,3,0.011,9.4,0.97,16.5,3,0,0
18.56,6,0.052,0.3,0.93,24.4,3,2,0
12.31,2,0.013,25.8,0.97,44.1,9,0,0
22.12,2,0.839,4019.2,0.06,7436.4,63,4,1
14.85,1,0.009,3.4,0.88,5.2,8,0,0
12.92,0,0.082,11.6,0.98,20.2,3,0,0
13.84,0,0.095,2.6,0.88,5.6,6,0,0
13.17,4,0.006,2.8,0.97,13.1,6,0,0
12.8,1,0.017,8.3,0.86,68.4,5,0,0
22.12,5,0.752,5448.7,0.41,820.6,61,3,1
16.65,1,0.084,17.2,0.97,18.2,8,0,0
14.66,3,0.058,37.4,0.95,32.4,2,0,0
17.98,2,0.089,17.1,0.81,26.5,6,0,0
17.33,3,0.003,2.8,0.98,16.4,8,0,0
10.23,0,0.055,2.2,0.88,29.8,3,0,0
19.43,4,0.008,6.2,0.86,54.9,6,0,0
14.22,1,0.002,11.7,0.85,40.7,4,1,0
22.12,2,0.802,10822.7,0.12,5721.9,135,3,1
10.94,1,0.002,22.1,0.96,7.2,6,0,0
22.12,6,0.861,4180.0,0.19,3751.1,188,6,1
13.79,3,0.06,13.1,0.82,13.6,7,0,0
18.25,3,0.111,12.2,0.94,37.5,4,0,0
9.64,0,0.011,17.0,0.92,12.3,3,0,0
11.87,0,0.021,9.7,0.95,29.0,7,0,0
16.45,3,0.008,2.8,0.96,30.5,2,0,0
14.69,0,0.015,9.8,0.83,10.3,4,0,0
11.31,3,0.016,13.1,0.95,23.2,6,0,0
13.91,3,0.0,8.0,0.88,27.9,1,0,0
15.05,3,0.005,18.9,0.92,11.3,6,0,0
13.55,1,0.033,2.1,0.93,7.6,6,0,0
22.12,0,0.955,3601.3,0.13,5844.4,188,15,1
11.13,3,0.022,4.2,0.94,13.9,7,0,0
13.45,2,0.12,9.0,0.97,32.4,9,0,0
22.12,0,0.697,5741.0,0.08,5999.1,119,8,1
12.24,4,0.009,7.5,0.96,23.4,5,1,0
15.47,3,0.037,6.1,0.97,42.9,10,0,0
11.59,2,0.015,5.1,0.92,15.7,1,0,0
14.3,4,0.014,9.6,0.96,12.6,4,0,0
11.05,1,0.041,40.8,0.9,23.1,5,0,0
22.12,4,0.663,2783.3,0.16,1266.4,59,3,1
7.86,4,0.032,4.5,0.97,41.9,7,0,0
12.52,4,0.022,5.2,0.88,8.4,1,0,0
14.71,4,0.091,9.3,0.96,17.5,4,0,0
14.11,3,0.002,13.9,0.86,12.0,7,0,0
11.47,1,0.0,8.7,0.96,11.8,5,0,0
14.81,3,0.03,7.0,0.97,14.0,4,0,0
15.76,2,0.015,0.7,0.96,9.4,4,0,0
13.23,4,0.021,4.1,0.94,32.8,6,0,0
8.86,0,0.025,0.9,0.97,18.6,2,0,0
22.12,0,0.861,10164.0,0.27,2396.7,80,15,1
9.72,3,0.076,14.0,0.9,24.5,7,0,0
15.3,2,0.051,3.9,0.87,14.8,6,0,0
13.63,4,0.022,20.4,0.89,6.4,5,0,0
14.26,1,0.124,0.1,0.92,11.1,8,0,0
13.73,0,0.002,15.6,0.95,37.0,6,0,0
22.12,5,0.841,5310.1,0.26,1659.2,103,6,1
7.0,2,0.015,8.7,0.95,34.8,5,0,0
9.24,4,0.056,5.3,0.97,13.2,2,0,0
14.92,3,0.002,14.2,0.98,4.0,1,0,0
15.06,1,0.032,8.9,0.95,4.4,9,0,0
11.69,0,0.029,5.8,0.92,33.8,4,0,0
10.67,1,0.009,3.4,0.93,10.3,2,0,0
11.38,2,0.002,18.5,0.99,13.1,2,0,0
8.4,4,0.013,3.4,0.96,18.4,2,0,0
17.54,0,0.064,17.2,0.98,39.6,5,0,0
20.0,3,0.085,1.0,0.83,16.5,5,0,0
17.36,0,0.042,22.0,0.92,20.7,3,0,0
13.33,1,0.028,8.0,0.96,19.6,3,0,0
12.42,0,0.012,1.0,0.92,22.7,2,0,0
13.35,2,0.091,8.4,0.88,42.4,4,0,0
16.24,3,0.057,10.9,0.9,11.6,3,0,0
22.12,6,0.892,9346.1,0.17,3411.8,150,18,1
14.54,3,0.014,12.1,0.97,44.8,4,0,0
8.67,2,0.022,5.6,0.91,23.3,3,0,0
16.16,0,0.007,5.4,0.74,39.1,3,0,0
14.45,1,0.001,3.5,0.97,24.5,9,1,0
11.6,0,0.019,7.7,0.92,5.2,2,0,0
11.49,0,0.054,40.0,0.92,7.7,6,0,0
19.4,0,0.014,9.9,0.96,11.6,5,0,0
9.12,2,0.006,24.4,0.93,21.4,4,0,0
9.0,2,0.036,0.5,0.98,14.3,7,1,0
14.99,1,0.028,8.5,0.97,21.5,7,0,0
22.12,4,0.916,8714.2,0.07,7767.6,72,10,1
22.12,4,0.85,6774.3,0.17,7970.1,146,17,1
22.12,1,0.896,8674.0,0.08,6537.3,125,13,1
8.31,1,0.035,6.9,0.95,22.9,5,0,0
12.81,4,0.069,16.9,0.91,28.5,6,0,0
22.12,2,0.845,1757.3,0.19,3363.0,128,13,1
13.6,1,0.037,0.7,0.92,35.9,6,2,0
11.33,1,0.015,46.5,0.92,12.0,4,0,0
14.07,3,0.096,7.8,0.98,38.9,4,0,0
14.95,0,0.052,3.6,0.89,40.0,7,0,0
9.89,3,0.01,3.2,0.97,20.2,3,0,0
20.0,0,0.007,11.9,0.92,35.7,1,0,0
8.49,5,0.1,1.1,0.96,26.4,7,0,0
12.56,1,0.049,3.7,0.84,8.8,4,0,0
15.27,0,0.024,21.3,0.98,28.5,7,0,0
8.9,3,0.005,2.0,0.88,12.0,5,0,0
13.59,3,0.004,12.4,0.86,20.2,6,0,0
22.12,0,0.808,4172.3,0.12,3265.5,44,4,1
22.12,0,0.76,11073.6,0.23,6655.9,48,9,1
12.75,2,0.017,15.6,0.92,27.1,8,0,0
8.63,2,0.011,3.0,0.93,17.1,4,1,0
15.9,1,0.008,14.7,0.97,13.9,1,0,0
12.94,1,0.036,18.0,0.87,60.7,8,0,0
22.12,4,0.852,3970.5,0.13,2299.2,137,19,1
17.17,0,0.013,9.1,0.96,17.3,7,0,0
11.79,3,0.018,10.0,0.91,15.0,4,0,0
13.26,1,0.0,0.2,0.97,32.9,7,0,0
15.67,2,0.001,1.2,0.98,20.0,3,0,0
15.08,0,0.045,4.2,0.98,17.8,7,0,0
20.0,4,0.006,5.0,0.98,30.1,2,0,0
16.58,0,0.014,6.1,0.96,14.1,7,0,0
12.56,0,0.015,5.1,0.86,7.1,6,0,0
22.12,6,0.565,2428.4,0.14,2855.4,117,7,1
14.37,1,0.03,9.0,0.97,21.3,3,1,0
13.58,3,0.032,2.2,0.93,26.5,10,0,0
13.15,2,0.094,26.3,0.97,29.0,4,0,0
16.15,2,0.015,17.1,0.94,24.9,1,0,0
15.18,2,0.042,32.0,0.97,33.5,3,0,0
22.12,4,0.854,3704.9,0.09,6475.9,162,4,1
18.39,0,0.117,6.3,0.86,15.7,8,0,0
11.71,1,0.074,1.2,0.94,35.5,5,0,0
13.7,1,0.1,6.0,0.97,13.3,2,0,0
22.12,3,0.912,4977.1,0.27,6853.5,173,17,1
14.02,1,0.05,0.5,0.86,36.1,8,0,0
16.59,2,0.027,34.0,0.92,17.5,7,0,0
8.77,1,0.01,12.1,0.88,18.1,4,2,0
10.84,4,0.031,0.0,0.88,28.3,9,0,0
12.5,3,0.03,10.6,0.98,29.1,6,0,0
9.76,0,0.011,15.0,0.95,28.2,5,0,0
11.74,2,0.012,17.7,0.99,14.6,5,0,0
17.13,0,0.035,4.5,0.92,33.3,8,0,0
16.15,0,0.014,0.3,0.9,36.0,3,0,0
12.28,1,0.034,9.6,0.91,33.4,7,0,0
11.72,4,0.012,26.1,0.94,14.1,7,0,0
22.12,3,0.876,5131.7,0.17,325.2,167,10,1
16.89,4,0.002,2.4,0.96,12.5,4,2,0
19.23,1,0.025,5.4,0.9,17.4,7,0,0
14.49,2,0.036,1.3,0.85,26.0,7,0,0
10.03,0,0.015,18.8,0.89,45.7,2,0,0
22.12,6,0.894,1753.7,0.12,7772.0,100,9,1
12.9,3,0.002,14.0,0.82,36.3,2,0,0
7.48,4,0.013,5.4,0.97,16.9,5,0,0
22.12,4,0.942,3438.5,0.34,3279.2,137,7,1
12.94,1,0.077,4.0,0.99,27.5,4,0,0
11.95,4,0.032,19.5,0.91,26.7,6,0,0
11.55,0,0.017,3.2,0.96,16.8,7,0,0
8.97,1,0.01,14.6,0.73,14.3,8,0,0
15.26,3,0.032,1.0,0.82,49.1,9,0,0
13.04,0,0.037,7.7,0.99,21.7,5,0,0
22.12,5,0.916,3907.2,0.3,6666.3,97,13,1
22.12,4,0.977,7166.4,0.23,4222.3,80,10,1
22.12,3,0.727,4484.4,0.1,1413.2,134,13,1
8.04,2,0.025,6.1,0.85,12.4,3,0,0
10.68,5,0.058,13.8,0.92,20.3,4,0,0
11.68,4,0.011,0.5,0.87,30.7,4,0,0
11.62,1,0.042,8.8,0.79,15.8,2,0,0
7.0,2,0.225,7.2,0.98,19.4,5,1,0
11.45,4,0.01,8.3,0.99,18.1,6,0,0
15.92,0,0.008,12.6,0.96,33.8,6,1,0
19.44,2,0.01,0.1,0.92,37.9,1,1,0
13.91,0,0.058,2.0,0.98,28.7,6,0,0
12.3,3,0.017,3.7,0.95,10.7,6,0,0
9.97,0,0.048,6.5,0.96,23.1,7,0,0
18.39,1,0.023,1.7,0.84,13.3,2,0,0
10.93,1,0.068,5.5,0.99,11.7,2,0,0
11.72,0,0.064,1.4,0.94,31.0,5,0,0
10.0,1,0.04,5.3,0.94,5.1,6,0,0
9.61,2,0.07,7.0,0.95,28.9,3,0,0
12.73,3,0.035,12.8,0.96,59.8,5,0,0
15.05,0,0.006,5.7,0.82,43.1,4,0,0
8.94,1,0.022,5.0,0.79,8.9,3,1,0
13.06,4,0.001,12.3,0.94,6.7,3,0,0
17.78,0,0.021,33.2,0.9,23.5,2,0,0
15.49,1,0.039,7.1,0.98,15.1,6,0,0
13.97,0,0.005,3.8,0.92,18.5,3,0,0
16.57,4,0.015,14.3,0.9,25.7,3,0,0
11.12,0,0.018,60.0,0.98,9.8,4,0,0
11.05,1,0.003,1.6,0.92,74.5,3,0,0
10.7,3,0.079,4.9,0.95,20.6,7,1,0
14.09,3,0.037,16.5,0.97,50.3,3,0,0
17.15,4,0.012,2.5,0.98,31.4,5,0,0
12.31,2,0.01,3.9,0.92,71.8,7,0,0
8.29,3,0.02,16.6,0.86,13.6,8,0,0
10.96,2,0.04,2.1,0.91,29.4,7,0,0
16.71,1,0.015,7.4,0.92,9.3,2,0,0
22.12,3,0.58,2810.0,0.1,3981.2,163,12,1
9.65,2,0.007,21.8,0.83,20.4,5,0,0
8.76,4,0.004,10.2,0.9,6.1,5,0,0
9.33,6,0.02,5.9,0.95,26.9,5,0,0
9.34,4,0.003,3.7,0.91,26.6,5,0,0
22.12,1,0.898,9614.6,0.07,4513.0,37,5,1
10.71,2,0.018,18.1,0.96,39.4,3,0,0
17.46,1,0.011,1.8,0.87,10.9,4,0,0
16.22,2,0.003,15.0,0.97,28.3,6,0,0
7.35,0,0.01,27.1,0.88,7.5,6,0,0
14.64,2,0.079,11.9,0.88,29.3,2,0,0
11.85,2,0.025,10.5,0.97,53.9,3,0,0
12.28,4,0.042,23.2,0.97,32.6,4,0,0
22.12,2,0.959,4662.8,0.21,2922.4,114,15,1
12.0,2,0.024,18.6,0.93,27.9,7,0,0
14.68,3,0.009,1.3,0.92,28.7,5,0,0
12.25,0,0.049,5.4,0.89,25.1,7,0,0
15.76,0,0.015,12.7,0.83,20.3,6,0,0
13.88,4,0.005,11.7,0.91,16.8,7,0,0
11.61,2,0.027,27.4,0.98,12.6,3,0,0
11.47,1,0.015,7.3,0.95,52.2,9,0,0
22.12,3,0.45,5967.0,0.38,6852.2,54,7,1
7.0,1,0.005,7.9,0.92,37.1,4,1,0
11.95,0,0.019,52.0,0.94,32.4,5,0,0
22.12,3,0.717,8780.9,0.1,2069.5,36,3,1
17.84,4,0.025,27.2,0.89,6.8,2,1,0
7.0,2,0.018,11.4,0.89,34.6,5,1,0
11.25,2,0.003,12.4,0.99,18.8,5,0,0
11.3,1,0.01,1.6,0.94,27.6,4,0,0
22.12,3,0.79,6778.5,0.33,311.7,101,4,1
13.0,3,0.018,10.2,0.97,47.8,6,0,0
15.36,1,0.0,13.6,0.95,14.6,3,0,0
22.12,2,0.509,5252.2,0.35,4785.6,74,7,1
11.66,2,0.008,0.2,0.98,31.4,5,0,0
15.1,2,0.038,0.0,0.92,40.5,12,0,0
12.26,1,0.017,9.4,0.96,38.2,6,0,0
12.45,2,0.021,6.0,0.95,18.8,2,0,0
10.68,5,0.064,21.9,0.85,31.8,4,0,0
14.88,3,0.021,5.0,0.93,40.6,3,0,0
11.32,4,0.053,0.2,0.94,22.2,3,0,0
20.0,0,0.021,5.5,0.95,12.7,3,1,0
22.12,5,0.994,10880.3,0.16,752.0,132,5,1
15.32,0,0.002,0.8,0.89,30.2,6,0,0
22.12,5,0.678,10136.5,0.13,6204.9,80,17,1
22.12,6,0.852,10801.4,0.36,2489.1,107,11,1
22.12,0,0.529,2107.8,0.1,2965.3,71,12,1
14.04,3,0.001,10.1,0.93,19.8,1,0,0
15.77,4,0.022,7.2,0.94,4.6,5,1,0
14.42,0,0.007,4.2,0.93,7.1,5,1,0
9.96,2,0.03,0.4,0.97,8.1,6,0,0
9.96,3,0.004,3.4,0.98,17.3,6,0,0
22.12,6,0.8,11744.9,0.06,2832.8,178,7,1
14.73,2,0.022,14.5,0.82,13.0,11,0,0
13.59,2,0.023,26.0,0.88,13.2,8,0,0
22.12,1,0.778,10280.9,0.2,1407.0,114,17,1
22.12,0,0.648,3150.9,0.11,5838.6,171,16,1
12.49,1,0.05,0.3,0.96,28.6,6,0,0
14.34,3,0.033,2.6,0.81,18.0,5,0,0
12.79,0,0.013,1.9,0.97,22.2,5,0,0
15.04,3,0.026,1.4,0.83,25.3,6,0,0
16.27,3,0.127,40.9,0.92,49.5,3,0,0
11.15,2,0.021,0.8,0.86,19.3,5,0,0
13.06,4,0.001,0.4,0.95,42.2,7,0,0
15.58,3,0.022,2.0,0.9,20.6,5,0,0
22.12,6,0.836,11075.4,0.07,6004.3,36,4,1
9.55,3,0.016,6.9,0.91,14.3,5,0,0
9.34,2,0.005,1.4,0.99,23.5,9,0,0
8.96,2,0.012,0.9,0.96,9.4,7,0,0
15.65,2,0.029,4.0,0.95,29.2,1,0,0
11.27,5,0.115,1.7,0.94,55.9,8,0,0
12.75,3,0.015,1.1,0.95,39.5,6,1,0
22.12,6,0.705,6465.0,0.41,1356.9,174,17,1
9.11,1,0.029,19.6,0.92,19.2,5,0,0
22.12,6,0.945,11442.3,0.1,1815.7,70,6,1
10.49,2,0.05,9.7,0.9,19.6,4,0,0
15.95,0,0.085,60.0,0.97,17.0,6,0,0
15.78,0,0.004,10.3,0.94,38.3,4,0,0
22.12,1,0.659,6158.1,0.06,511.4,138,9,1
17.63,0,0.032,2.8,0.92,26.1,7,0,0
22.12,4,0.695,10615.7,0.21,1677.6,50,3,1
11.0,0,0.012,38.7,0.95,24.7,7,0,0
22.12,0,0.578,3868.9,0.05,4061.9,104,11,1
10.6,0,0.038,7.1,0.94,14.1,3,0,0
10.08,0,0.027,0.1,0.95,50.2,11,0,0
14.23,3,0.035,8.3,0.96,47.1,4,0,0
14.03,0,0.028,1.5,0.98,21.1,4,0,0
22.12,6,0.634,5358.1,0.2,3936.4,189,19,1
13.67,2,0.017,7.0,0.93,31.0,3,0,0
11.58,1,0.082,14.2,0.93,46.4,2,0,0
12.92,4,0.09,7.9,0.93,8.9,7,1,0
18.41,2,0.001,10.1,0.94,12.8,5,0,0
13.02,2,0.101,1.0,0.99,11.5,2,0,0
22.12,4,0.911,7126.4,0.06,7173.5,116,16,1
22.12,5,0.875,3584.6,0.06,5391.6,135,19,1
16.1,4,0.064,17.7,0.84,50.0,3,0,0
10.59,0,0.004,26.4,0.9,24.0,3,1,0
11.05,1,0.03,6.2,0.96,14.4,10,0,0
9.11,1,0.009,1.8,0.87,28.4,4,0,0
16.56,0,0.021,57.3,0.98,12.9,5,0,0
11.62,2,0.009,22.5,0.99,20.8,5,0,0
12.62,3,0.011,12.9,0.94,16.1,5,0,0
10.0,4,0.022,8.2,0.98,25.0,4,0,0
10.29,4,0.004,12.7,0.98,18.4,2,0,0
14.46,4,0.076,2.1,0.91,25.1,10,1,0
13.14,2,0.067,14.9,0.95,19.4,5,0,0
17.93,4,0.044,13.6,0.87,31.2,4,0,0
14.09,1,0.091,0.4,0.98,18.5,4,0,0
10.29,2,0.009,12.6,0.89,24.1,10,0,0
11.57,2,0.102,24.0,0.92,4.4,7,0,0
22.12,3,0.824,10111.6,0.3,542.7,187,4,1
10.04,3,0.014,5.4,0.97,45.4,3,1,0
10.01,3,0.047,16.4,0.92,34.2,4,0,0
12.57,1,0.008,11.4,0.91,21.3,4,1,0
13.47,3,0.129,19.4,0.93,10.8,6,0,0
20.0,1,0.001,1.9,0.94,39.2,5,0,0
22.12,5,0.692,5756.2,0.06,6019.8,60,16,1
17.04,1,0.01,5.8,0.94,24.0,3,0,0
11.05,0,0.063,8.1,0.96,38.5,6,0,0
22.12,5,0.904,11716.6,0.08,6835.1,40,12,1
10.74,0,0.068,17.3,0.92,13.2,10,0,0
7.0,6,0.002,10.0,0.85,39.8,8,0,0
12.0,1,0.001,2.0,0.87,20.7,5,0,0
14.47,3,0.049,6.0,0.95,14.4,6,0,0
11.08,0,0.003,27.7,0.92,28.7,7,1,0
16.4,0,0.007,10.4,0.94,9.8,5,0,0
13.53,3,0.007,0.2,0.98,19.7,1,0,0
10.87,0,0.011,0.3,0.93,29.0,6,0,0
11.99,2,0.024,20.3,0.98,8.0,2,0,0
10.72,4,0.024,6.6,0.97,43.6,5,0,0
22.12,1,0.633,11646.4,0.17,7765.3,49,12,1
22.12,2,0.87,9281.5,0.17,1647.0,90,7,1
13.67,1,0.005,3.3,0.98,23.4,5,1,0
18.06,0,0.042,6.8,0.94,32.2,1,0,0
13.28,1,0.055,12.1,0.81,43.4,6,0,0
15.4,1,0.001,0.8,0.9,25.7,7,1,0
9.29,1,0.055,6.7,0.89,12.2,4,0,0
11.6,1,0.008,17.0,0.96,15.8,7,0,0
15.18,2,0.066,4.2,0.87,6.0,4,0,0
10.35,1,0.015,32.3,0.95,18.4,4,0,0
10.25,1,0.0,7.8,0.97,40.2,9,0,0
22.12,0,0.932,8760.9,0.09,1017.6,177,8,1
12.57,4,0.078,6.1,0.95,27.0,7,0,0
13.64,0,0.009,21.1,0.9,11.7,8,0,0
14.64,3,0.028,18.7,0.9,28.2,9,0,0
14.42,2,0.002,0.5,0.91,23.4,2,0,0
8.68,0,0.017,4.4,0.96,24.1,8,1,0
7.66,3,0.046,4.4,0.95,33.9,4,0,0
14.39,0,0.054,31.9,0.98,41.3,9,0,0
9.31,2,0.006,1.4,0.96,24.8,6,0,0
13.46,2,0.12,3.5,0.92,14.0,6,0,0
11.84,3,0.07,2.8,0.92,31.0,6,0,0
15.55,1,0.095,4.8,0.95,40.6,4,0,0
12.9,1,0.043,1.7,0.94,25.1,6,0,0
8.22,1,0.045,40.4,0.97,32.5,8,0,0
17.21,3,0.032,17.6,0.9,48.9,5,0,0
16.25,1,0.01,2.8,0.94,21.6,6,0,0
13.7,2,0.005,5.7,0.93,19.4,7,0,0
10.51,0,0.005,11.5,0.87,26.3,4,1,0
15.2,3,0.013,20.7,0.88,30.6,6,1,0
12.09,3,0.006,8.3,0.98,7.2,4,0,0
18.82,1,0.083,3.5,0.96,14.1,2,0,0
22.12,1,0.547,6980.5,0.13,2832.6,64,4,1
18.7,3,0.011,28.4,0.93,27.4,7,0,0
22.12,4,0.853,8493.3,0.13,7638.7,171,9,1
9.03,0,0.083,7.7,0.85,8.0,5,1,0
12.65,2,0.037,2.2,0.99,32.7,1,0,0
12.93,3,0.069,7.1,0.91,40.0,7,0,0
16.94,2,0.04,0.4,0.96,22.0,8,0,0
17.26,1,0.01,6.0,0.94,23.4,5,1,0
13.26,2,0.012,5.1,0.9,28.2,4,0,0
13.96,1,0.007,0.5,0.99,65.0,8,0,0
18.01,3,0.005,6.4,0.98,14.2,5,0,0
12.59,2,0.023,5.7,0.95,22.0,5,0,0
9.67,1,0.017,2.2,0.89,32.3,6,0,0
15.77,0,0.102,16.3,0.83,21.7,5,0,0
10.13,3,0.057,9.6,0.82,21.7,6,1,0
20.0,0,0.033,2.4,0.95,19.5,4,0,0
22.12,6,0.748,6675.0,0.1,4597.4,96,16,1
7.24,4,0.142,8.7,0.99,31.7,7,2,0
16.66,2,0.02,2.7,0.95,14.5,6,1,0
15.76,0,0.007,7.5,0.84,19.0,9,0,0
16.57,1,0.007,9.6,0.81,8.9,8,0,0
22.12,4,0.645,5387.4,0.09,2424.2,169,14,1
10.46,0,0.111,8.0,0.93,28.6,11,0,0
12.51,0,0.095,5.8,0.95,9.3,7,0,0
11.37,1,0.079,2.4,0.92,20.8,7,0,0
14.47,1,0.026,8.9,0.93,23.9,8,2,0
14.26,0,0.028,6.3,0.9,12.7,3,0,0
12.07,2,0.007,7.9,0.9,19.8,5,0,0
12.31,3,0.002,19.6,0.94,8.5,2,0,0
12.5,2,0.021,2.7,0.96,23.7,8,0,0
11.69,4,0.004,8.3,0.89,27.4,7,0,0
18.09,1,0.069,2.5,0.97,31.0,6,0,0
15.12,4,0.008,3.7,0.93,42.2,3,0,0
13.37,0,0.047,0.7,0.86,50.3,3,0,0
15.52,2,0.018,8.2,0.93,30.1,2,0,0
22.12,1,0.594,2112.7,0.17,5836.6,147,17,1
22.12,2,0.775,6680.6,0.12,547.0,59,13,1
13.08,0,0.009,0.4,0.96,31.8,7,0,0
9.86,4,0.07,10.7,0.96,40.5,11,0,0
12.03,4,0.005,9.1,0.98,24.8,8,0,0
10.14,3,0.001,5.7,0.95,22.8,6,0,0
19.18,2,0.044,20.9,0.9,18.2,5,0,0
12.92,4,0.054,10.5,0.94,12.4,6,1,0
9.64,1,0.013,3.6,0.89,43.8,7,0,0
11.18,1,0.025,1.7,0.99,34.3,9,0,0
11.27,2,0.012,16.9,0.95,4.4,6,0,0
22.12,1,0.814,10266.9,0.06,2125.4,98,10,1
22.12,6,0.62,3683.9,0.15,4217.3,175,5,1
14.36,0,0.045,39.0,0.9,6.6,6,0,0
14.19,0,0.049,14.9,0.94,12.0,9,0,0
16.16,6,0.03,27.5,0.97,44.0,1,1,0
22.12,1,0.714,11467.0,0.16,7323.0,39,9,1
19.17,2,0.01,5.0,0.9,19.4,5,0,0
22.12,1,0.855,8204.6,0.05,1421.7,49,12,1
22.12,1,0.978,1624.6,0.23,1456.2,153,7,1
22.12,2,0.893,6664.8,0.09,5679.4,104,13,1
10.04,1,0.031,29.6,0.79,55.6,7,0,0
15.22,1,0.003,23.5,0.94,5.3,2,0,0
8.29,3,0.035,1.9,0.94,27.8,11,0,0
22.12,0,0.848,6035.7,0.05,7538.8,181,5,1
11.89,2,0.006,38.7,0.93,17.1,4,0,0
15.51,1,0.061,20.8,0.92,75.0,8,0,0
15.99,3,0.04,2.7,0.96,7.5,2,0,0
22.12,0,0.716,2533.7,0.17,3777.4,51,11,1
22.12,6,0.805,3538.3,0.13,2721.2,37,11,1
14.67,1,0.005,10.3,0.89,26.6,5,0,0
15.86,1,0.032,7.2,0.93,26.5,5,0,0
13.72,2,0.009,18.4,0.95,24.0,3,0,0
8.61,3,0.013,7.3,0.92,15.5,7,0,0
14.57,0,0.061,19.0,0.97,6.6,11,0,0
12.02,6,0.006,2.1,0.92,26.1,8,0,0
22.12,5,0.91,5470.5,0.11,6369.4,186,15,1
18.39,0,0.039,14.2,0.97,36.8,9,0,0
13.67,1,0.075,3.7,0.99,28.3,6,1,0
17.85,4,0.008,5.0,0.72,52.3,7,1,0
13.67,0,0.012,15.4,0.82,16.4,5,0,0
14.55,4,0.069,43.9,0.95,32.8,9,0,0
9.04,2,0.064,2.3,0.98,1.7,4,0,0
22.12,1,0.721,3212.1,0.07,4128.6,64,5,1
12.47,2,0.002,13.7,0.99,39.0,2,0,0
17.06,0,0.032,17.5,0.95,48.7,5,0,0
22.12,2,0.973,7933.4,0.23,6768.6,59,8,1
22.12,0,0.874,3100.2,0.14,2007.0,109,3,1
14.84,4,0.059,4.1,0.97,9.1,7,0,0
22.12,0,0.9,4428.6,0.06,4685.1,56,15,1
15.8,0,0.026,7.9,0.99,23.3,5,0,0
22.12,6,0.906,7899.2,0.14,4667.6,128,11,1
14.93,4,0.024,10.2,0.92,9.5,4,0,0
15.38,0,0.0,1.3,0.91,5.1,3,0,0
22.12,6,0.677,10753.4,0.17,3374.2,37,4,1
11.89,1,0.002,12.1,0.93,10.4,4,0,0
22.12,1,0.765,8814.0,0.05,6969.1,141,16,1
8.2,2,0.032,7.6,0.93,12.4,5,1,0
11.7,2,0.044,28.7,0.91,14.9,9,0,0
15.03,2,0.007,3.8,0.9,31.3,3,0,0
15.05,3,0.019,18.9,0.99,17.3,6,0,0
8.8,3,0.031,11.8,0.87,31.4,5,0,0
14.86,1,0.067,3.0,0.96,11.8,6,0,0
7.75,1,0.018,27.8,0.97,19.7,6,0,0
14.07,1,0.036,1.4,0.89,23.1,6,0,0
12.46,5,0.038,2.8,0.88,5.9,3,0,0
11.64,2,0.088,16.3,0.98,11.1,1,1,0
15.0,0,0.033,23.1,0.89,50.3,4,0,0
12.04,3,0.209,19.8,0.92,16.8,3,1,0
19.57,3,0.025,10.0,0.9,29.0,6,0,0
14.5,3,0.042,1.9,0.93,21.2,2,0,0
16.54,3,0.048,10.6,0.97,22.1,5,0,0
14.54,3,0.083,0.8,0.87,18.3,4,1,0
14.48,0,0.075,21.0,0.86,36.2,2,1,0
22.12,2,0.939,2363.0,0.33,6514.4,120,4,1
12.32,3,0.007,2.7,0.84,12.5,5,0,0
8.83,1,0.007,11.8,0.87,23.5,3,0,0
19.02,0,0.0,9.4,0.98,25.3,10,0,0
22.12,1,0.937,1534.9,0.05,5651.8,61,17,1
16.72,2,0.026,2.9,0.94,46.9,2,0,0
11.08,3,0.001,6.0,0.99,19.8,9,0,0
10.2,0,0.014,0.6,0.88,17.9,4,0,0
22.12,4,0.743,7850.5,0.16,1785.0,131,6,1
15.44,1,0.023,0.7,0.93,31.2,9,1,0
14.17,3,0.051,9.9,0.86,49.1,4,0,0
13.54,0,0.001,12.0,0.89,5.9,3,0,0
13.23,2,0.096,22.0,0.89,22.1,5,0,0
10.58,0,0.013,27.2,0.9,22.7,5,0,0
15.19,2,0.022,10.6,0.92,9.9,7,0,0
12.71,0,0.002,0.8,0.95,8.8,7,0,0
15.04,1,0.039,6.6,0.85,18.9,9,0,0
13.62,1,0.005,25.4,0.8,8.6,4,0,0
8.33,3,0.092,14.4,0.91,36.3,5,0,0
12.95,0,0.028,2.3,0.94,29.4,3,1,0
12.04,2,0.105,8.8,0.95,41.9,7,0,0
22.12,4,0.973,2264.1,0.05,1785.5,141,7,1
11.42,3,0.005,16.9,0.99,49.3,3,0,0
11.05,6,0.006,14.3,0.94,28.8,3,0,0
13.43,2,0.225,13.2,0.91,13.0,7,0,0
10.62,0,0.063,40.5,0.93,22.9,5,0,0
8.54,0,0.032,0.5,0.97,22.1,7,0,0
11.15,3,0.007,23.7,0.95,38.9,9,0,0
12.16,1,0.005,10.2,0.91,18.4,6,0,0
8.86,2,0.016,4.1,0.97,8.5,8,0,0
14.68,2,0.003,1.2,0.93,15.1,6,0,0
15.36,0,0.03,2.4,0.95,29.0,3,0,0
10.57,0,0.013,0.8,0.97,11.5,4,0,0
22.12,1,0.89,6343.2,0.22,2854.8,174,14,1
10.93,3,0.012,12.0,0.92,27.7,3,1,0
10.89,0,0.043,5.6,0.97,40.4,1,0,0
15.34,3,0.01,6.2,0.94,30.1,5,1,0
13.99,0,0.112,11.1,0.88,4.0,7,0,0
22.12,6,0.851,10300.3,0.28,7122.3,136,11,1
11.28,4,0.018,30.9,0.91,11.9,6,0,0
15.08,0,0.009,0.2,0.99,3.3,6,0,0
17.12,3,0.035,8.5,0.95,12.9,3,0,0
12.96,1,0.021,20.6,0.9,11.8,4,0,0
15.47,4,0.04,6.4,0.91,8.4,4,0,0
8.29,1,0.062,6.0,0.94,5.6,4,0,0
22.12,3,0.816,3017.6,0.16,1719.0,130,16,1
10.34,2,0.044,8.0,0.84,50.2,2,0,0
14.38,0,0.006,45.8,0.91,4.1,2,0,0
8.6,1,0.017,4.8,0.86,13.7,6,1,0
10.08,1,0.003,4.9,0.95,25.1,4,0,0
22.12,1,0.861,2498.6,0.16,5842.1,58,5,1
22.12,1,0.849,9211.3,0.14,6070.2,120,8,1
11.77,2,0.044,19.1,0.98,16.8,4,0,0
12.66,2,0.022,14.3,0.97,33.7,6,0,0
12.59,0,0.012,26.9,0.89,44.7,6,1,0
16.34,3,0.003,1.0,0.93,22.7,7,0,0
15.27,2,0.028,1.3,0.96,29.4,4,0,0
11.89,0,0.022,7.4,0.89,24.1,6,0,0
12.13,3,0.025,20.0,0.96,23.3,4,1,0
11.59,3,0.069,7.4,0.94,22.0,7,0,0
22.12,6,0.726,6183.3,0.28,1039.0,126,16,1
17.27,4,0.031,14.5,0.81,11.7,6,0,0
7.0,4,0.01,0.2,0.94,13.5,3,0,0
11.53,3,0.021,4.7,0.94,5.5,7,0,0
22.12,5,0.571,5505.3,0.06,7520.3,193,11,1
10.29,0,0.015,7.5,0.91,40.9,1,0,0
12.11,4,0.054,6.2,0.97,14.6,3,0,0
15.61,4,0.09,10.7,0.88,28.3,3,0,0
22.12,0,0.629,10929.5,0.23,5400.2,177,16,1
8.46,2,0.053,1.6,0.94,28.3,5,0,0
13.8,2,0.035,1.9,0.95,23.6,4,0,0
7.33,4,0.003,0.7,0.95,41.6,2,1,0
22.12,3,0.675,10288.9,0.26,6088.6,188,6,1
12.97,0,0.056,8.3,0.94,39.4,9,0,0
22.12,3,0.78,2238.4,0.07,1283.7,116,16,1
12.04,3,0.041,0.6,0.79,16.1,9,0,0
17.93,6,0.009,19.2,0.89,45.7,3,0,0
22.12,6,0.862,5359.5,0.27,7517.8,69,11,1
10.73,2,0.05,11.6,0.95,27.2,10,0,0
16.16,0,0.074,12.6,0.98,22.6,4,0,0
12.32,2,0.0,5.3,0.93,3.9,4,0,0
9.41,1,0.013,13.2,0.93,31.5,7,1,0
10.03,1,0.006,18.2,0.97,21.9,2,0,0
12.98,4,0.001,44.7,0.92,21.1,4,0,0
16.35,0,0.03,16.5,0.97,24.2,4,0,0
16.74,0,0.032,5.0,0.94,12.6,2,0,0
12.48,1,0.021,23.3,0.93,23.7,7,1,0
22.12,4,0.715,9890.2,0.49,4683.2,159,10,1
12.63,4,0.014,16.6,0.91,11.8,4,0,0
10.21,2,0.072,18.1,0.95,5.7,13,1,0
18.44,0,0.03,1.5,0.95,27.8,7,1,0
16.56,1,0.042,12.5,0.88,34.8,3,0,0
8.35,1,0.051,17.6,0.99,12.7,4,1,0
22.12,5,0.698,11145.3,0.38,2210.0,143,7,1
11.28,3,0.082,31.2,0.96,14.7,4,1,0
18.18,1,0.013,4.4,0.93,22.3,6,0,0
12.96,1,0.002,14.8,0.95,30.3,6,0,0
14.71,2,0.044,5.1,0.94,8.4,3,0,0
14.84,3,0.018,45.3,0.95,4.2,3,0,0
14.4,2,0.028,5.4,0.95,51.4,6,0,0
19.19,1,0.012,2.9,0.96,11.0,5,1,0
12.76,0,0.056,1.6,0.89,40.0,5,0,0
13.96,1,0.037,17.9,0.98,19.1,3,1,0
13.25,2,0.063,8.3,0.96,11.2,3,0,0
13.61,3,0.029,8.7,0.89,6.5,6,2,0
